z,H_GeV,E,DL_GeV^-1,DA_GeV^-1,chi_GeV^-1
0.0,1.4377888655632093e-42,1.2082998224997934,0.0,0.0,0.0
0.015,1.4480989573511926e-42,1.216964294993463,1.0551532788699404e+40,1.0241969267586599e+40,1.0395598806600397e+40
0.03,1.4586422059049367e-42,1.2258247095238466,2.1338116851046137e+40,2.0113221652414116e+40,2.071661830198654e+40
0.045,1.4694180843359593e-42,1.2348806233004384,3.2355802811328244e+40,2.96291777306639e+40,3.0962490728543775e+40
0.06,1.4804259713444386e-42,1.24413151419062,4.360066220887423e+40,3.880443414816148e+40,4.1132700197051164e+40
0.075,1.4916651555968235e-42,1.253576784398551,5.506879083935567e+40,4.765282062897192e+40,5.122678217614481e+40
0.09,1.5031348401185954e-42,1.2632157641567903,6.675631192390731e+40,5.618745217061469e+40,6.124432286597001e+40
0.105,1.51483414668586e-42,1.2730477154169353,7.865937910259148e+40,6.442077689039249e+40,7.11849584638837e+40
0.12,1.5267621202003715e-42,1.2830718355263373,9.077417924985875e+40,7.236461993770628e+40,8.104837433023104e+40
0.135,1.53891773303354e-42,1.2932872608787516,1.0309693511072474e+41,8.003022384344718e+40,9.083430406231255e+40
0.15,1.5512998893259824e-42,1.3036930705276268,1.1562390775738883e+41,8.742828563885734e+40,1.0054252848468594e+41
0.165,1.5639074292302075e-42,1.314288289751603,1.2835139886695841e+41,9.456899104198524e+40,1.1017287456391281e+41
0.18,1.576739133085062e-42,1.3250718935626657,1.4127575282180975e+41,1.0146204597946693e+41,1.1972521425577098e+41
0.195,1.5897937255116286e-42,1.336042810148286,1.54393358634912e+41,1.0811670568436268e+41,1.2919946329281339e+41
0.21,1.6030698794212956e-42,1.3471999242397537,1.67700651703161e+41,1.1454180158675022e+41,1.3859557991996777e+41
0.225,1.6165662199277704e-42,1.3585420803997836,1.8119411539241644e+41,1.2074576619236412e+41,1.4791356358564606e+41
0.24,1.630281328155799e-42,1.3700680862233163,1.9487028245850897e+41,1.2673665612546109e+41,1.5715345359557175e+41
0.255,1.6442137449403458e-42,1.3817767154462635,2.0872573630898406e+41,1.3252217349501379e+41,1.6631532773624229e+41
0.27,1.6583619744109388e-42,1.3936667109577445,2.227571121107797e+41,1.3810968572805488e+41,1.753993008746297e+41
0.285,1.672724487456773e-42,1.4057367877121183,2.3696109774939776e+41,1.4350624400030144e+41,1.8440552354038737e+41
0.3,1.6872997250690514e-42,1.4179856355378455,2.513344346454265e+41,1.4871860038190919e+41,1.9333418049648193e+41
0.315,1.7020861015578426e-42,1.4304119218408922,2.6587391843450785e+41,1.5375322380517737e+41,2.0218548930380824e+41
0.33,1.717082007641498e-42,1.4430142942010415,2.8057639951702216e+41,1.5861631495111207e+41,2.1095969888497908e+41
0.345,1.7322858134074015e-42,1.4557913828600684,2.954387834838889e+41,1.6331382014283324e+41,2.196570880921107e+41
0.36,1.7476958711434674e-42,1.468741803101295,3.104580314249558e+41,1.6785144432577626e+41,2.2827796428305574e+41
0.375,1.7633105180404233e-42,1.481864157520557,3.25631160126481e+41,1.722346632073949e+41,2.36822661910168e+41
0.39,1.7791280787654705e-42,1.4951570381890738,3.409552421641999e+41,1.7646873462253503e+41,2.4529154112532366e+41
0.405,1.7951468679084124e-42,1.5086190287091468,3.56427405898421e+41,1.8055870918474743e+41,2.5368498640457013e+41
0.42,1.8113651923018084e-42,1.5222487061639849,3.720448353775128e+41,1.8450944027847294e+41,2.6200340519543156e+41
0.435,1.8277813532170997e-42,1.5360446429633041,3.878047701560329e+41,1.8832559344220902e+41,2.7024722658956996e+41
0.45,1.8443936484390318e-42,1.5500054085866433,4.037045050336148e+41,1.920116551884018e+41,2.784169000231826e+41
0.465,1.861200374220991e-42,1.564129571226607,4.197413897205681e+41,1.9557194130185236e+41,2.8651289400721373e+41
0.48,1.8781998271241602e-42,1.5784156993344687,4.35912828435972e+41,1.990106046548448e+41,2.945356948891703e+41
0.495,1.8953903057436212e-42,1.592862363070764,4.522162794438484e+41,2.0233164257395257e+41,3.0248580564805913e+41
0.51,1.9127701123247187e-42,1.6074681356636646,4.686492545327972e+41,2.0553890379053428e+41,3.1036374472370675e+41
0.525,1.9303375542731693e-42,1.6222315946780543,4.852093184442611e+41,2.0863609500425094e+41,3.1817004488148272e+41
0.54,1.9480909455625123e-42,1.6371513231983332,5.018940882543647e+41,2.11626787086509e+41,3.2590525211322383e+41
0.555,1.9660286080425973e-42,1.6522259109280537,5.187012327140465e+41,2.145144209485206e+41,3.3356992457494952e+41
0.57,1.9841488726528696e-42,1.6674539552095515,5.356284715519729e+41,2.1730231309666634e+41,3.4116463156176616e+41
0.585,2.0024500805442522e-42,1.6828340619667612,5.526735747444908e+41,2.199936608960148e+41,3.486899525201835e+41
0.6,2.020930584113446e-42,1.6983648465744279,5.698343617566469e+41,2.225915475611902e+41,3.5614647609790435e+41
0.615,2.039588747953459e-42,1.7140449346569213,5.871087007580711e+41,2.2509894689226238e+41,3.635347992310038e+41
0.63,2.0584229497241614e-42,1.72987296281984,6.044945078172985e+41,2.275187277719517e+41,3.708555262682812e+41
0.645,2.0774315809466244e-42,1.7458475793175614,6.219897460778815e+41,2.298536584391798e+41,3.7810926813245075e+41
0.66,2.096613047724943e-42,1.761967444659855,6.395924249194292e+41,2.3210641055284844e+41,3.852966415177284e+41
0.675,2.115965771399187e-42,1.7782312321606133,6.573005991064995e+41,2.342795630586766e+41,3.924182681232832e+41
0.69,2.1354881891330426e-42,1.7946376284316987,6.751123679280694e+41,2.363756058709672e+41,3.994747739219346e+41
0.705,2.1551787544396283e-42,1.8111853338248327,6.930258743301094e+41,2.383969433802975e+41,4.064667884634072e+41
0.72,2.1750359376488728e-42,1.8278730628243736,7.110393040436006e+41,2.4034589779732308e+41,4.133949442113957e+41
0.735,2.1950582263197442e-42,1.8446995443937497,7.291508847101543e+41,2.422247123421519e+41,4.202598759136336e+41
0.75,2.2152441256005225e-42,1.8616635222782276,7.473588850072167e+41,2.4403555428807075e+41,4.270622200041238e+41
0.765,2.2355921585401925e-42,1.8787637552666032,7.656616137746812e+41,2.4578051786778843e+41,4.338026140366466e+41
0.78,2.2561008663539306e-42,1.8959990174143129,7.840574191445714e+41,2.4746162704979526e+41,4.4048169614863554e+41
0.795,2.2767688086455446e-42,1.9133680982303691,8.025446876753078e+41,2.4908083819191593e+41,4.471001045544891e+41
0.81,2.29759456358961e-42,1.930869802830426,8.21121843491939e+41,2.5064004257865723e+41,4.536584770673696e+41
0.825,2.3185767280759395e-42,1.9485029520581902,8.397873474335711e+41,2.5214106884851074e+41,4.6015745064853206e+41
0.84,2.3397139178189043e-42,1.966266382577291,8.585396962091215e+41,2.535856853169664e+41,4.665976609832182e+41
0.855,2.3610047674340118e-42,1.9841589469356378,8.773774215623916e+41,2.549756022006209e+41,4.729797420821518e+41
0.87,2.3824479304840413e-42,2.0021795136041907,8.962990894473518e+41,2.5631247374741966e+41,4.793043259076748e+41
0.885,2.4040420794969223e-42,2.020326966991985,9.153032992144252e+41,2.575979002777548e+41,4.855720420235678e+41
0.9,2.4257859059574342e-42,2.0386002074391567,9.343886828084647e+41,2.5883343014084896e+41,4.91783517267613e+41
0.915,2.4476781202747095e-42,2.056998151189632,9.53553903979023e+41,2.6002056159058226e+41,4.97939375445965e+41
0.93,2.4697174517274055e-42,2.0755197303450488,9.727976575034392e+41,2.611607445846705e+41,5.04040237048414e+41
0.945,2.4919026483883255e-42,2.0941638928014137,9.921186684231821e+41,2.622553825108695e+41,5.100867189836412e+41
0.96,2.5142324770301686e-42,2.11292960216989,1.0115156912938256e+42,2.633058338436656e+41,5.160794343335845e+41
0.975,2.5367057230139882e-42,2.1318158376830616,1.03098750944896e+42,2.6431341373471175e+41,5.220189921260557e+41
0.99,2.5593211901618612e-42,2.150821594087929,1.0505329342782866e+42,2.6527939554008398e+41,5.279059971247672e+41
1.005,2.5820777006151764e-42,2.1699458815268113,1.0701508045200879e+42,2.6620501228725888e+41,5.3374104963595405e+41
1.02,2.604974094679866e-42,2.1891877254072845,1.0898399855682094e+42,2.6709145808455283e+41,5.395247453307967e+41
1.035,2.6280092306598337e-42,2.208546166262195,1.1095993687936505e+42,2.6793988947561424e+41,5.452576750828749e+41
1.05,2.6511819846797457e-42,2.228020259600734,1.1294278708808128e+42,2.6875142674141888e+41,5.509404248199087e+41
1.065,2.6744912504982852e-42,2.2476090757515044,1.1493244331784185e+42,2.6952715515208942e+41,5.565735753890646e+41
1.08,2.697935939312901e-42,2.267311699698426,1.169288021065076e+42,2.7026812617073686e+41,5.6215770243513265e+41
1.095,2.7215149795570118e-42,2.2871272309103152,1.1893176233294401e+42,2.709753586114092e+41,5.676933762909022e+41
1.11,2.7452273166905643e-42,2.3070547831648693,1.2094122515648823e+42,2.7164983975312378e+41,5.731811618790912e+41
1.125,2.7690719129847914e-42,2.32709348436778,1.2295709395785623e+42,2.7229252641186155e+41,5.786216186252058e+41
1.14,2.7930477473019443e-42,2.347242476367626,1.249792742814771e+42,2.7290434597230568e+41,5.840153003807342e+41
1.155,2.8171538148707378e-42,2.367500914767155,1.270076737792395e+42,2.7348619738102075e+41,5.8936275535609975e+41
1.17,2.8413891270581778e-42,2.3878679687315354,1.290422021556327e+42,2.7403895210268366e+41,5.946645260628235e+41
1.185,2.8657527111384086e-42,2.4083428207940947,1.3108277111426461e+42,2.745634550409011e+41,5.999211492643689e+41
1.2,2.8902436100591564e-42,2.428924666660044,1.33129294305736e+42,2.750605254250744e+41,6.051331559351637e+41
1.215,2.914860882206316e-42,2.449612715008638,1.3518168727685044e+42,2.7553095766470238e+41,6.103010712273158e+41
1.23,2.939603601167178e-42,2.470406187294196,1.3723986742113751e+42,2.759755221724497e+41,6.154254144445628e+41
1.245,2.964470855492758e-42,2.491304317546363,1.3930375393066645e+42,2.7639496615724418e+41,6.205066990230132e+41
1.26,2.9894617484596535e-42,2.512306352169981,1.413732677491265e+42,2.767900143886101e+41,6.2554543251825884e+41
1.275,3.014575397831823e-42,2.533411549744889,1.4344833152614948e+42,2.771613699333887e+41,6.305421165984593e+41
1.29,3.039810935622638e-42,2.554619180825955,1.4552886957285014e+42,2.7750971486594486e+41,6.354972470430137e+41
1.305,3.065167507857555e-42,2.575928527743627,1.4761480781855872e+42,2.7783571095291052e+41,6.404113137464587e+41
1.32,3.0906442743376845e-42,2.597338884405244,1.4970607376872077e+42,2.7814000031346752e+41,6.452848007272447e+41
1.335,3.1162404084045596e-42,2.618849556097343,1.5180259646393805e+42,2.7842320605612946e+41,6.501181861410623e+41
1.35,3.141955096706328e-42,2.6404598592891766,1.5390430644012557e+42,2.78685932892939e+41,6.549119422984067e+41
1.365,3.167787538965616e-42,2.662169121437627,1.560111356897583e+42,2.789287677319584e+41,6.5966653568608155e+41
1.38,3.1937369477492624e-42,2.6839766807936885,1.5812301762418236e+42,2.7915228024889195e+41,6.643824269923629e+41
1.395,3.2198025482401e-42,2.7058818862106833,1.6023988703696508e+42,2.793570234386445e+41,6.690600711355536e+41
1.41,3.2459835780109676e-42,2.7278840969543374,1.623616800682583e+42,2.7954353414758407e+41,6.736999172956776e+41
1.425,3.27227928680109e-42,2.7499826825148572,1.6448833417014994e+42,2.7971233358724617e+41,6.7830240894907195e+41
1.44,3.2986889362949604e-42,2.772177022421103,1.6661978807297877e+42,2.798639278301847e+41,6.8286798390565075e+41
1.455,3.32521179990385e-42,2.7944665060569727,1.6875598175258776e+42,2.7999880828864616e+41,6.873970743486263e+41
1.47,3.351847162550039e-42,2.8168505324800743,1.7089685639849158e+42,2.8011745217671426e+41,6.9189010687648416e+41
1.485,3.37859432045387e-42,2.839328510242764,1.7304235438293443e+42,2.8022032295654725e+41,6.963475025470199e+41
1.5,3.405452580923689e-42,2.86189985721562,1.7519241923081425e+42,2.803078707693028e+41,7.00769676923257e+41
1.515,3.432421262148758e-42,2.884564000413404,1.7734699559045028e+42,2.8038053285132192e+41,7.051570401210746e+41
1.53,3.459499692995177e-42,2.907320375823562,1.795060292051712e+42,2.8043873393612024e+41,7.095099968583843e+41
1.545,3.486687212804882e-42,2.930168428237299,1.816694668857012e+42,2.8048288664271208e+41,7.138289465057022e+41
1.56,3.513983171197741e-42,2.953107611083268,1.838372564833221e+42,2.8051339185077222e+41,7.181142831379769e+41
1.575,3.541386927876787e-42,2.9761373862638876,1.860093468637899e+42,2.8053063906311983e+41,7.223663955875336e+41
1.59,3.568897852436607e-42,2.9992572239943147,1.8818568788198507e+42,2.8053500675598913e+41,7.265856674980119e+41
1.605,3.596515324174907e-42,3.022466602644086,1.9036623035727524e+42,2.805268627175338e+41,7.307724773791755e+41
1.62,3.624238731907255e-42,3.04576500858143,1.9255092604957067e+42,2.805065643749937e+41,7.349271986624835e+41
1.635,3.652067473785008e-42,3.0691519360202575,1.947397276360528e+42,2.804744591109359e+41,7.39050199757316e+41
1.65,3.6800009571164254e-42,3.092626886869826,1.969325886885561e+42,2.804308845689656e+41,7.431418441077588e+41
1.665,3.7080385981909597e-42,3.1161893705870733,1.9912946365158522e+42,2.8037616894928735e+41,7.472024902498509e+41
1.68,3.7361798221067034e-42,3.13983890403161,2.0133030782094855e+42,2.8031063129448174e+41,7.51232491869211e+41
1.695,3.7644240626009923e-42,3.16357501132336,2.0353507732299032e+42,2.802345817658487e+41,7.552321978589622e+41
1.71,3.7927707618841377e-42,3.1873972237028267,2.0574372909440442e+42,2.801483219106554e+41,7.592019523778761e+41
1.725,3.821219370476261e-42,3.211305079393977,2.079562208626124e+42,2.800521449206126e+41,7.631420949086694e+41
1.74,3.849769347047213e-42,3.235298123469709,2.1017251112668926e+42,2.7994633588189202e+41,7.670529603163842e+41
1.755,3.878420158259548e-42,3.259375907719887,2.1239255913882137e+42,2.798311720169846e+41,7.709348789067927e+41
1.77,3.9071712786145175e-42,3.283537990521921,2.1461632488628038e+42,2.7970692291868836e+41,7.747881764847668e+41
1.785,3.936022190301055e-42,3.3077839367138497,2.168437690738982e+42,2.79573850776503e+41,7.786131744125608e+41
1.8,3.964972383047713e-42,3.332113317469918,2.1907485310702827e+42,2.794322105956993e+41,7.824101896679582e+41
1.815,3.994021353977527e-42,3.356525710178597,2.213095390749787e+42,2.792822504093192e+41,7.861795349022335e+41
1.83,4.023168607465745e-42,3.3810206983230313,2.2354778973490348e+42,2.791242114833541e+41,7.899215184978922e+41
1.845,4.052413655000416e-42,3.405597871363872,2.2578956849613763e+42,2.7895832851534017e+41,7.936364446261428e+41
1.86,4.0817560150457647e-42,3.430256824624462,2.2803483940496422e+42,2.7878482982659813e+41,7.973246133040706e+41
1.875,4.111195212908335e-42,3.454997159178344,2.3028356712979917e+42,2.7860393754833926e+41,8.009863204514754e+41
1.89,4.140730780605848e-42,3.4798184817390494,2.3253571694678258e+42,2.7841586780184934e+41,8.046218579473447e+41
1.905,4.170362256738733e-42,3.5047204045521374,2.3479125472576367e+42,2.782208308729547e+41,8.082315136859333e+41
1.92,4.2000891863642956e-42,3.5297025452894424,2.3705014691666795e+42,2.7801903138096728e+41,8.118155716324245e+41
1.935,4.229911120873466e-42,3.5547645269455015,2.393123605362357e+42,2.7781066844229832e+41,8.153743118781455e+41
1.95,4.2598276178700995e-42,3.5799059777361144,2.4157786315511992e+42,2.7759593582892265e+41,8.189080106953218e+41
1.965,4.289838241052772e-42,3.605126530999007,2.4384662288533357e+42,2.773750221218699e+41,8.224169405913442e+41
1.98,4.31994256009903e-42,3.6304258250965598,2.461186083680359e+42,2.771481108599116e+41,8.259013703625366e+41
1.995,4.3501401505520555e-42,3.6558035033205596,2.4839378876164713e+42,2.7691538068360694e+41,8.293615651474028e+41
2.01,4.3804305937096984e-42,3.681259213798943,2.506721337302828e+42,2.766770054748654e+41,8.327977864793448e+41
2.025,4.410813476515827e-42,3.70679260940449,2.5295361343249697e+42,2.7643315449217615e+41,8.36210292338833e+41
2.04,4.4412883914539593e-42,3.732403347665436,2.5523819851032644e+42,2.761839925016517e+41,8.395993372050212e+41
2.055,4.471854936443134e-42,3.7580910906779574,2.5752586007862634e+42,2.7592967990402505e+41,8.429651721067966e+41
2.07,4.502512714735969e-42,3.7838555050205036,2.5981656971468847e+42,2.756703728577369e+41,8.463080446732524e+41
2.085,4.533261334818867e-42,3.809696261669934,2.6211029944813435e+42,2.7540622339824303e+41,8.496281991835797e+41
2.1,4.5641004103143334e-42,3.8356130359194225,2.64407021751075e+42,2.7513737955366806e+41,8.529258766163709e+41
2.115,4.595029559885352e-42,3.861605507298099,2.6670670952852885e+42,2.748639854569268e+41,8.56201314698327e+41
2.13,4.626048407141788e-42,3.88767335949239,2.690093361090912e+42,2.7458618145443067e+41,8.594547479523681e+41
2.145,4.6571565805487655e-42,3.9138162802690233,2.71314875235847e+42,2.7430410421149176e+41,8.626864077451415e+41
2.16,4.688353713336994e-42,3.9400339613996613,2.7362330105752042e+42,2.7401788681453335e+41,8.658965223339253e+41
2.175,4.719639443414983e-42,3.9663260985871354,2.7593458811985377e+42,2.737276588702127e+41,8.690853169129254e+41
2.19,4.751013413283128e-42,3.992692391393238,2.7824871135720963e+42,2.734335466015562e+41,8.722530136589644e+41
2.205,4.7824752699496104e-42,4.019132543168049,2.805656460843891e+42,2.7313567294120593e+41,8.75399831776565e+41
2.22,4.814024664848081e-42,4.045646260980758,2.828853679886604e+42,2.728341576218707e+41,8.785259875424236e+41
2.235,4.845661253757088e-42,4.072233255551952,2.852078531219914e+42,2.7252911726407353e+41,8.816316943492779e+41
2.25,4.877384696721213e-42,4.098893241187339,2.875330778934801e+42,2.7222066546128292e+41,8.847171627491696e+41
2.265,4.909194657973876e-42,4.125625935712875,2.898610190619778e+42,2.719089128625125e+41,8.877826004961033e+41
2.28,4.9410908058617755e-42,4.1524310604112635,2.921916537288986e+42,2.7159396725247118e+41,8.908282125881055e+41
2.295,4.973072812770926e-42,4.179308339959799,2.9452495933121117e+42,2.7127593362934243e+41,8.938542013086833e+41
2.31,5.005140355054259e-42,4.206257502369523,2.968609136346056e+42,2.7095491428026908e+41,8.968607662676907e+41
2.325,5.0372931129607546e-42,4.233278278925668,2.9919949472683254e+42,2.70631008854617e+41,8.998481044416016e+41
2.34,5.069530770566069e-42,4.260370404129358,3.015406810112077e+42,2.703043144350888e+41,9.028164102131966e+41
2.355,5.101853015704625e-42,4.287533615640538,3.0388445120027857e+42,2.69974925606756e+41,9.057658754106664e+41
2.37,5.134259539903131e-42,4.314767654222101,3.0623078430964785e+42,2.6964293452407596e+41,9.08696689346136e+41
2.385,5.166750038315501e-42,4.342072263685201,3.0857965965194894e+42,2.693084309759574e+41,9.116090388536158e+41
2.4,5.199324209659142e-42,4.3694471908357055,3.1093105683097034e+42,2.6897150244893624e+41,9.145031083263832e+41
2.415,5.23198175615258e-42,4.3968921854217795,3.132849557359234e+42,2.686322341885218e+41,9.173790797538019e+41
2.43,5.2647223834543885e-42,4.424407000082561,3.1564133653585027e+42,2.6829070925876995e+41,9.202371327575809e+41
2.445,5.2975458006034024e-42,4.451991390297917,3.180001796741679e+42,2.679470086001402e+41,9.230774446274829e+41
2.46,5.330451719960176e-42,4.479645114339247,3.203614658633439e+42,2.676012110856894e+41,9.259001903564852e+41
2.475,5.363439857149666e-42,4.507367933221313,3.227251760797012e+42,2.6725339357565446e+41,9.287055426753992e+41
2.49,5.3965099310051054e-42,4.535159610655072,3.250912915583475e+42,2.6690363097047435e+41,9.314936720869555e+41
2.505,5.4296616635130484e-42,4.563019913001492,3.274597937882259e+42,2.6655199626229974e+41,9.342647468993607e+41
2.52,5.462894779759555e-42,4.59094860922633,3.2983066450728414e+42,2.6619856058503692e+41,9.3701893325933e+41
2.535,5.496209007877487e-42,4.618945470855834,3.3220388569775804e+42,2.658433932629719e+41,9.397563951846056e+41
2.55,5.529604078994904e-42,4.647010271933381,3.3457943958156705e+42,2.654865618580179e+41,9.424772945959634e+41
2.565,5.563079727184512e-42,4.67514278897699,3.369573086158178e+42,2.6512813221562906e+41,9.451817913487176e+41
2.58,5.5966356894141663e-42,4.70334280093773,3.3933747548841406e+42,2.647681685094208e+41,9.478700432637266e+41
2.595,5.6302717054983826e-42,4.731610089158965,3.417199231137686e+42,2.644067332845368e+41,9.505422061579098e+41
2.61,5.663987518050849e-42,4.759944437336452,3.441046346286152e+42,2.6404388749980066e+41,9.531984338742803e+41
2.625,5.6977828724379094e-42,4.788345631479243,3.4649159338791834e+42,2.6367969056868935e+41,9.55838878311499e+41
2.64,5.7316575167329943e-42,4.8168134598713905,3.488807829608768e+42,2.633142003991643e+41,9.584636894529581e+41
2.655,5.765611201671986e-42,4.845347713034443,3.512721871270193e+42,2.629474734323944e+41,9.610730153954016e+41
2.67,5.799643680609491e-42,4.873948183690686,3.5366578987239033e+42,2.6257956468040474e+41,9.636670023770854e+41
2.685,5.83375470947599e-42,4.902614666727144,3.560615753858224e+42,2.622105277626834e+41,9.662457948054883e+41
2.7,5.867944046735875e-42,4.931346959160305,3.584595280552935e+42,2.6184041494177755e+41,9.688095352845769e+41
2.715,5.902211453346316e-42,4.960144860101558,3.608596324643667e+42,2.614692771579093e+41,9.71358364641633e+41
2.73,5.936556692716968e-42,4.989008170723326,3.632618733887106e+42,2.6109716406264013e+41,9.738924219536478e+41
2.745,5.970979530670482e-42,5.01793669422589,3.656662357926979e+42,2.6072412405161337e+41,9.764118445732921e+41
2.76,6.005479735403811e-42,5.046930235804861,3.680727048260795e+42,2.6035020429640073e+41,9.789167681544668e+41
2.775,6.040057077450291e-42,5.075988602619317,3.7048126582073373e+42,2.599754507754809e+41,9.814073266774403e+41
2.79,6.074711329642475e-42,5.10511160376057,3.728919042874869e+42,2.595999083043747e+41,9.838836524735802e+41
2.805,6.109442267075712e-42,5.134299050221559,3.753046059130048e+42,2.5922362056496296e+41,9.86345876249684e+41
2.82,6.144249667072445e-42,5.163550754866843,3.777193565567522e+42,2.5884663013400964e+41,9.887941271119168e+41
2.835,6.179133309147217e-42,5.192866532403193,3.801361422480197e+42,2.5846897851091535e+41,9.912285325893604e+41
2.85,6.214092974972369e-42,5.222246199350771,3.825549491830146e+42,2.580907061447223e+41,9.936492186571807e+41
2.865,6.249128448344413e-42,5.251689574014863,3.8497576372201594e+42,2.5771185246039337e+41,9.960563097594203e+41
2.88,6.284239515151069e-42,5.281196476458179,3.8739857238659084e+42,2.5733245588438653e+41,9.984499288314197e+41
2.895,6.319425963338937e-42,5.31076672847369,3.898233618568709e+42,2.569525538695447e+41,1.0008301973218765e+42
2.91,6.354687582881819e-42,5.340400153557998,3.922501189688873e+42,2.565721829193211e+41,1.0031972352145454e+42
2.925,6.390024165749637e-42,5.370096576885222,3.946788307119627e+42,2.5619137861135963e+41,1.0055511610495866e+42
2.94,6.425435505877971e-42,5.399855825281394,3.971094842261593e+42,2.558101756204484e+41,1.0078920919445668e+42
2.955,6.460921399138185e-42,5.429677727199355,3.9954206679978033e+42,2.5542860774086497e+41,1.010220143615121e+42
2.97,6.496481643308116e-42,5.459562112694123,4.019765658669251e+42,2.550467079081303e+41,1.0125354303952774e+42
2.985,6.532116038043348e-42,5.489508813398753,4.044129690050952e+42,2.5466450822018904e+41,1.0148380652574533e+42
3.000000000001,6.56782438485141e-42,5.519517662502644,4.068512639330133e+42,2.542820399580062e+41,1.017128159832279e+42
3.0903455329335032,6.784450114035933e-42,5.701567222345366,4.2157653500876354e+42,2.5197440979940996e+41,1.0306624015365724e+42
3.1834118376396248,7.010353500606335e-42,5.891413609692505,4.3681388005134266e+42,2.4959460163281395e+41,1.0441570110816603e+42
3.2792808506446565,7.24593724255344e-42,6.089395246910859,4.5258018928435614e+42,2.471462123854724e+41,1.0576080539705094e+42
3.378036976006905,7.49162208908406e-42,6.295865726383902,4.6889289095903156e+42,2.44632862934388e+41,1.0710117194731797e+42
3.4797671596278863,7.747847672602031e-42,6.511194509698269,4.857699679665075e+42,2.420581881961868e+41,1.0843643222003042e+42
3.584560965800386,8.015073378377317e-42,6.735767658502825,5.032299749232539e+42,2.3942582756885364e+41,1.0976623032766203e+42
3.692510656061778,8.293779253595961e-42,6.969988598462895,5.212920557449697e+42,2.367394157541649e+41,1.1109022311362583e+42
3.803711270422024,8.584466957565931e-42,7.214278917801403,5.399759617249252e+42,2.340025739854913e+41,1.124080801961868e+42
3.9182607110378678,8.88766075493988e-42,7.469079201990886,5.59302070133336e+42,2.312189016815789e+41,1.1371948397898373e+42
4.036259828406897,9.203908553905674e-42,7.734849906235862,5.792914033549618e+42,2.2839196854298815e+41,1.1502412963038228e+42
4.157812510157348,9.533782991389349e-42,8.012072267463852,5.999656485827357e+42,2.255253071041026e+41,1.1632172503386183e+42
4.283025772511838,9.877882567413071e-42,8.301249257625651,6.213471780858232e+42,2.22622405750037e+41,1.1761199071160331e+42
4.412009854505538,1.0236832830853024e-41,8.602906580191473,6.434590700711172e+42,2.196867022043912e+41,1.1889465972339885e+42
4.544878315041746,1.0611287618948911e-41,8.917593711819261,6.663251301577697e+42,2.1672157749063222e+41,1.201694775429446e+42
4.681748132870308,1.1001930353028357e-41,9.24588499126531,6.89969913484961e+42,2.1373035036694813e+41,1.2143620191351243e+42
4.822739809576902,1.1409475393025935e-41,9.588380757705155,7.144187474737128e+42,2.1071627223170865e+41,1.2269460268492139e+42
4.9679774756738615,1.183466945349831e-41,9.945708540735026,7.396977552641491e+42,2.0768252249419818e+41,1.2394446163365049e+42
5.117588999885954,1.2278293083964043e-41,10.318524304430962,7.658338798502352e+42,2.0463220440305004e+41,1.251855722678513e+42
5.271706101727307,1.2741162216529497e-41,10.70751374795429,7.9285490893463e+42,2.015683413228101e+41,1.2641773961893204e+42
5.430464467468615,1.3224129783901e-41,11.11339366530888,8.207895005269303e+42,1.9849387344728425e+41,1.2764078002129733e+42
5.594003869596718,1.3728087411028637e-41,11.536913366977464,8.496672093092186e+42,1.9541165493677467e+41,1.2885452088173909e+42
5.7624682898717285,1.42539671837785e-41,11.97885616629173,8.79518513793486e+42,1.9232445146497424e+41,1.3005880043988626e+42
5.936006046090041,1.4802743498188995e-41,12.44004093352426,9.103748442961687e+42,1.8923493816015806e+41,1.3125346752103313e+42
6.114769922664837,1.5375434994032463e-41,12.921323720829573,9.422686117557249e+42,1.861456979243767e+41,1.3243838128258098e+42
6.2989173051390415,1.597310657657684e-41,13.423599461307402,9.752332374198836e+42,1.8305922011360363e+41,1.3361341095524383e+42
6.488610318749163,1.6596871530623453e-41,13.947803745613694,1.0093031834299187e+43,1.799778995612108e+41,1.3477843558008834e+42
6.684015971162008,1.7247893731086883e-41,14.49491467970432,1.0445139843300511e+43,1.769040359267276e+41,1.3593334374239925e+42
6.885306299509939,1.7927389954581242e-41,15.065954827463356,1.0809022795308438e+43,1.7383983335156733e+41,1.370780333032872e+42
7.092658521854119,1.8636632296685172e-41,15.661993242142428,1.1185058467562542e+43,1.7078740040326965e+41,1.3821241112988318e+42
7.306255193209105,1.9376950699775178e-41,16.28414759072029,1.157363636504816e+43,1.6774875028979654e+41,1.3933639282489599e+42
7.526284366266147,2.0149735596544645e-41,16.93358637548324,1.1975158075562738e+43,1.6472580132551882e+41,1.4044990245624344e+42
7.752939756956699,2.0956440674564082e-41,17.61153125732703,1.2390037635558563e+43,1.6172037763072998e+41,1.415528722874067e+42
7.9864209150019025,2.1798585767487653e-41,18.319259485490782,1.2818701907092838e+43,1.5873421004681328e+41,1.426452425090988e+42
8.2269333995982,2.2677759878772203e-41,19.05810643865272,1.326159096622522e+43,1.5576893724955481e+41,1.4372696097278335e+42
8.474688960393756,2.3595624344048575e-41,19.82946828254756,1.3719158503212638e+43,1.5282610704352975e+41,1.4479798292652858e+42
8.729905723914996,2.4553916138571284e-41,20.63480474950596,1.41918722348611e+43,1.4990717782098274e+41,1.458582707536323e+42
8.992808385607445,2.5554451336472796e-41,21.475642045568637,1.468021432940441e+43,1.470135201691645e+41,1.4690779371440963e+42
9.263628407659883,2.6599128728862637e-41,22.353575891091726,1.518468184429036e+43,1.4414641861067129e+41,1.4794652769149194e+42
9.542604222786027,2.7689933608140836e-41,23.270274701036584,1.5705787177265865e+43,1.413070734619479e+41,1.489744549389467e+42
9.829981444143117,2.88289417262399e-41,24.227482911426925,1.6244058531163802e+43,1.3849660279575759e+41,1.4999156383549144e+42
10.12601308157226,3.0018323434870674e-41,25.227024458759825,1.6800040392806072e+43,1.357160444940822e+41,1.5099784864204016e+42
10.430959764350874,3.126034801622597e-41,26.27080641947498,1.7374294026449272e+43,1.3296635837858852e+41,1.519933092637904e+42
10.745089970653362,3.2557388212992245e-41,27.360822816920013,1.7967397982212072e+43,1.3024842840647812e+41,1.5297795101702887e+42
11.068680263922046,3.391192496693518e-41,28.49915860359866,1.8579948619935962e+43,1.2756306492022002e+41,1.539517844008066e+42
11.40201553635644,3.532655237576034e-41,29.687993826854626,1.9212560648944556e+43,1.2491100694034662e+41,1.5491482487361057e+42
11.74538925973526,3.6803982878406527e-41,30.929607986527422,1.98658676841801e+43,1.2229292449116813e+41,1.5586709263513494e+42
12.09910374379197,3.834705267940755e-41,32.226384593518304,2.054052281921015e+43,1.1970942094992552e+41,1.5680861241323382e+42
12.463470402371359,3.9958727423459523e-41,33.580815938625825,2.1237199216611838e+43,1.1716103541055508e+41,1.5773941325611908e+42
12.838810027601474,4.164210813185621e-41,34.99550808145205,2.1956590716256194e+43,1.146482450538752e+41,1.5865952832984793e+42
13.225453072322285,4.340043741300583e-41,36.47318606964333,2.2699412462030574e+43,1.1217146751662596e+41,1.5956899472112863e+42
13.623739941019743,4.5237105959820183e-41,38.01669939921514,2.346640154755313e+43,1.0973106325239347e+41,1.6046785324545902e+42
14.034021289521357,4.715565934737248e-41,39.629027727218805,2.4258317681449847e+43,1.073273378780312e+41,1.6135614826059732e+42
14.456658333717185,4.915980514485511e-41,41.31328684854215,2.507594387278157e+43,1.0496054449974869e+41,1.622339274853534e+42
14.892023167577971,5.125342035653437e-41,43.07273494919493,2.5920087137226127e+43,1.0263088601357392e+41,1.6310124182367707e+42
15.340499090750493,5.344055920709717e-41,44.91077914901716,2.679157922463853e+43,1.0033851737540741e+41,1.639581451940097e+42
15.802480946018484,5.572546128751733e-41,46.830982347363395,2.7691277368631023e+43,9.808354783637403e+40,1.648046943638567e+42
16.27837546692625,5.811256007833646e-41,48.83707038596173,2.8620065058833846e+43,9.586604313964235e+40,1.65640948789529e+42
16.76860163587103,6.060649186806068e-41,50.932939543823075,2.957885283651746e+43,9.368602767532053e+40,1.6646697046099588e+42
17.2735910529794,6.321210508521914e-41,53.12266437978666,3.056857911427721e+43,9.154348659045265e+40,1.6728282375178354e+42
17.793788316092407,6.593447006351671e-41,55.41050593903262,3.1590211020502596e+43,8.943836785153098e+40,1.6808857527384778e+42
18.329651412194067,6.87788892604442e-41,57.8009203406744,3.264474526937479e+43,8.7370584257306e+40,1.6888429373734555e+42
18.881652120627777,7.175090795068466e-41,60.29856776436405,3.3733209057158524e+43,8.534001540002084e+40,1.6967004981522315e+42
19.45027642845567,7.485632541667937e-41,62.90832185470423,3.485666098557722e+43,8.334650957351803e+40,1.7044591601253706e+42
20.036024958326585,7.810120665979168e-41,65.63527956316422,3.601619201308412e+43,8.138988562696497e+40,1.7121196654041812e+42
20.63941340922937,8.149189465663576e-41,68.48477144814555,3.7212926434866436e+43,7.946993476322349e+40,1.7196827719458814e+42
21.26097301051952,8.503502318632097e-41,71.46237245483827,3.844802289244465e+43,7.758642228114533e+40,1.7271492523833467e+42
21.90125098961896,8.873753025560695e-41,74.57391319755367,3.972267541375503e+43,7.573908926131277e+40,1.7345198928984778e+42
22.56081105380062,9.260667215026916e-41,77.82549176831658,4.103811448463006e+43,7.392765419496204e+40,1.7417954921382113e+42
23.240233886482102,9.665003814234595e-41,81.22348609665235,4.239560815261885e+43,7.215181455602726e+40,1.7489768601721845e+42
23.940117658465283,1.0087556588437757e-40,84.7745668867131,4.379646316411807e+43,7.041124831642467e+40,1.7560648174910468e+42
24.661078554572,1.0529155752325892e-40,88.48571115915867,4.524202613581274e+43,6.870561540486361e+40,1.7630601940444173e+42
25.403751316139466,1.099066965679168e-40,92.36421642654196,4.673368476145665e+43,6.703455910962047e+40,1.7699638283174702e+42
26.16878979985301,1.1473006554668891e-40,96.4177155323501,4.827286905505258e+43,6.539770742584762e+40,1.7767765664451402e+42
26.956867553408205,1.1977116449203607e-40,100.65419218532574,4.98610526315248e+43,6.379467434811038e+40,1.78349926136293e+42
27.768678408509125,1.2503993029205853e-40,105.08199722224008,5.149975402600867e+43,6.222506110895364e+40,1.7901327719933153e+42
28.604937091724864,1.3054675695022364e-40,109.70986563391509,5.31905380529163e+43,6.068845736439505e+40,1.796677962466742e+42
29.46637985374211,1.3630251679674449e-40,114.54693439100154,5.493501720597155e+43,5.918444232732636e+40,1.803135701376218e+42
30.353765117567786,1.4231858269718675e-40,119.60276110781504,5.673485310044405e+43,5.771258584987705e+40,1.8095068610645112e+42
31.267874146252378,1.4860685130612767e-40,124.88734358442089,5.859175795884804e+43,5.627244945585815e+40,1.8157923169429787e+42
32.209511730721935,1.5517976741605267e-40,130.41114026914298,6.050749614141064e+43,5.486358732445739e+40,1.821992946841055e+42
33.179506898324206,1.62050349454159e-40,136.18509168575952,6.248388572265249e+43,5.348554722640202e+40,1.828109630385453e+42
34.17871364271279,1.69232216182347e-40,142.22064287184236,6.452280011546457e+43,5.213787141384197e+40,1.834143248408128e+42
35.20801167571189,1.7673961465842644e-40,148.5297668770061,6.662616974410611e+43,5.082009746523628e+40,1.8400946823820912e+42
36.268307201823525,1.845874495194543e-40,155.1249893722597,6.879598376759151e+43,4.953175908654708e+40,1.8459648138841506e+42
37.36053371605933,1.927913136511597e-40,162.01941442420852,7.103429185497794e+43,4.827238687006255e+40,1.851754524083694e+42
38.485652825798994,2.0136752031060967e-40,169.2267514905418,7.334320601411077e+43,4.704150901218006e+40,1.8574646932566362e+42
39.644655097399315,2.1033313677263378e-40,176.76134369606802,7.572490247543058e+43,4.583865199148603e+40,1.863096200323666e+42
40.838560928298854,2.1970601957406753e-40,184.63819745153748,7.818162363249368e+43,4.466334120846967e+40,1.868649922411959e+42
42.068421445386335,2.295048514336015e-40,192.87301348062277,8.071568004090722e+43,4.3515101588203023e+40,1.874126734439528e+42
43.33531943042344,2.397491799289479e-40,201.48221932372675,8.332945247743157e+43,4.239345814731297e+40,1.8795275087214075e+42
44.640370273336956,2.504594580171658e-40,210.48300339075857,8.60253940610544e+43,4.1297936526558306e+40,1.884853114596888e+42
45.98472295421948,2.616570864883393e-40,219.89335063867495,8.880603243789567e+43,4.0228063490311433e+40,1.890104418077034e+42
47.36956105490317,2.733644584473824e-40,229.73207995343395,9.167397203185788e+43,3.9183367394226306e+40,1.8952822815117314e+42
48.79610380099735,2.8560500592357123e-40,240.0188833200643,9.46318963629936e+43,3.8163378622354896e+40,1.9003875632755478e+42
50.26560713530715,2.9840324871248823e-40,250.7743668688259,9.768257043562127e+43,3.7167629994952324e+40,1.9054211174716838e+42
51.77936482357836,3.117848455604198e-40,262.02009388993883,1.0082884319828108e+44,3.6195657148187235e+40,1.9103837936533362e+42
53.33870959354208,3.2577664780689293e-40,273.778629914102,1.0407365007768535e+44,3.5246998886948446e+40,1.9152764365617924e+42
54.94501430826173,3.4040675560698648e-40,286.07358996102187,1.0742001558888254e+44,3.4321197511912317e+40,1.9200998858806117e+42
56.599693174815826,3.5570457686132352e-40,298.9296880634427,1.1087105602392018e+44,3.341779912200739e+40,1.9248549760052555e+42
58.30420298938022,3.717008889882621e-40,312.37278917972515,1.1442998222136072e+44,3.2536353893383966e+40,1.929542535827554e+42
60.06004441980644,3.884279036797744e-40,326.4299636138786,1.1810010241907465e+44,3.1676416335966783e+40,1.934163388534414e+42
61.86876332682491,4.0591933478985335e-40,341.1295440681318,1.2188482519280777e+44,3.083754552863887e+40,1.938718351420185e+42
63.73195212503659,4.242104695120443e-40,356.5011854596415,1.2578766248309456e+44,3.001930533407398e+40,1.9432082357121322e+42
65.65125118489102,4.433382430108737e-40,372.5759276398143,1.2981223271316615e+44,2.9221264594204193e+40,1.9476338464084663e+42
67.62835027688523,4.633413166805822e-40,389.38626116196974,1.339622640005811e+44,2.844299730727846e+40,1.9519959821284096e+42
69.66499005925495,4.8426016021367395e-40,406.9661962507246,1.3824159746538867e+44,2.768408278743647e+40,1.9562954349737893e+42
71.76296361046789,5.061371376714066e-40,425.35133513455906,1.4265419063771848e+44,2.694410580769172e+40,1.9605329904016695e+42
73.92411800786836,5.290165977584916e-40,444.5789479115482,1.4720412096777702e+44,2.6222656727186484e+40,1.9647094271075432e+42
76.150355953863,5.52944968514986e-40,464.68805212724664,1.518955894413208e+44,2.5519331603551094e+40,1.9688255169186325e+42
78.44363745107943,5.779708566496667e-40,485.7194962532167,1.5673292430376779e+44,2.483373229116966e+40,1.9728820246968466e+42
80.80598152797258,6.041451517511224e-40,507.7160472647294,1.6172058489620355e+44,2.4165466526124503e+40,1.9768797082509808e+42
83.23946801639799,6.3152113562541184e-40,530.7224825267689,1.6686316560663575e+44,2.3514147998562265e+40,1.9808193182577352e+42
85.74623938271701,6.601545970224661e-40,554.7856862086687,1.7216539993995162e+44,2.287939641319583e+40,1.9847015981911627e+42
88.328502614046,6.9010395202749084e-40,579.9547504595448,1.7763216471013566e+44,2.2260837538627746e+40,1.9885272842601616e+42
90.98853116131045,7.2143037040850375e-40,606.2810815891888,1.8326848435841234e+44,2.1658103246153225e+40,1.9922971053536448e+42
93.72866694081428,7.541979082268671e-40,633.818511512305,1.8907953540108744e+44,2.107083153867372e+40,1.9960117829930282e+42
96.551322396087,7.884736470342959e-40,662.6234147279397,1.9507065101097507e+44,2.0498666570325389e+40,1.999672031291703e+42
99.4589826218235,8.243278399973955e-40,692.7548311207189,2.012473257364142e+44,1.9941258657401228e+40,2.0032785569211572e+42
102.45420755178691,8.618340653093617e-40,724.2745948861267,2.076152203619975e+44,1.9398264281120304e+40,2.0068320590834345e+42
105.53963421260038,9.010693872681224e-40,757.2474698985661,2.141801669152601e+44,1.886934608277323e+40,2.0103332294896235e+42
108.71797904541226,9.421145254209853e-40,791.7412918584102,2.2094817382370165e+44,1.8354172851749185e+40,2.0137827523440914e+42
111.99204029747867,9.850540321978331e-40,827.8271175727235,2.279254312266476e+44,1.7852419506926864e+40,2.0171813043341743e+42
115.36470048576889,1.02997647947817e-39,865.5793817438783,2.3511831644658927e+44,1.7363767071889355e+40,2.020529554625061e+42
118.83892893476288,1.0769746545619246e-39,905.0760616609745,2.4253339962478264e+44,1.688790264440139e+40,2.0238281648596123e+42
122.4177843906747,1.1261457660399636e-39,946.3988502108488,2.5017744952602756e+44,1.6424519360566524e+40,2.0270777891628617e+42
126.10441771440405,1.1775916600878289e-39,989.6333376486332,2.5805743951769844e+44,1.5973316354061623e+40,2.0302790741509703e+42
129.9020746555864,1.2314190477353887e-39,1034.8692025923337,2.6618055372824735e+44,1.5533998710826548e+40,2.0334326589443997e+42
133.81409871018403,1.287739743695983e-39,1082.2004127318655,2.7455419339055926e+44,1.510627741956818e+40,2.0365391751850886e+42
137.84393406413406,1.346670917371354e-39,1131.7254357704617,2.8318598337569864e+44,1.4689869318419806e+40,2.0395992470574254e+42
141.995128625645,1.4083353566832805e-39,1183.5474611454904,2.9208377892275382e+44,1.428449703807944e+40,2.042613491312815e+42
146.27133714881134,1.4728617454195282e-39,1237.7746331065277,3.012556725706563e+44,1.3889888941733964e+40,2.045582517297649e+42
150.67632445129627,1.540384954820576e-39,1294.5202957612057,3.1071000129802876e+44,1.350577906205975e+40,2.0485069269844988e+42
155.2139687289158,1.611046350174744e-39,1353.9032507339334,3.2045535387729696e+44,1.3131907035575065e+40,2.0513873150063527e+42
159.88826497004186,1.6849941132329673e-39,1416.0480281192467,3.3050057844948795e+44,1.276801803460458e+40,2.0542242686937343e+42
164.7033284728308,1.7623835813006583e-39,1481.0851714503817,3.4085479032632986e+44,1.241386269710215e+40,2.057018368114539e+42
169.66339846837417,1.8433776039130854e-39,1549.1515374448106,3.515273800264672e+44,1.2069197054564328e+40,2.0597701861164398e+42
174.77284185296077,1.9281469180525968e-39,1620.3906113321148,3.625280215528102e+44,1.1733782458253934e+40,2.062480288371714e+42
180.03615703273695,2.0168705429210246e-39,1694.9528386157886,3.7386668091824754e+44,1.1407385503940574e+40,2.065149233424353e+42
185.4579778841493,2.1097361953389397e-39,1772.9959741695889,3.855536249271691e+44,1.1089777955352943e+40,2.0677775727393254e+42
191.04307783365672,2.2069407269052477e-39,1854.6854496210053,3.975994302204689e+44,1.0780736666526273e+40,2.070365850753862e+42
196.79637406030395,2.308690584116178e-39,1940.194760029517,4.100149925919298e+44,1.0480043503217408e+40,2.072914604930649e+42
202.72293182485612,2.4152022927122308e-39,2029.705870925724,4.2281153658412795e+44,1.0187485263549437e+40,2.0754243658128085e+42
208.82796892930614,2.526702967595371e-39,2123.4096468393946,4.360006253722406e+44,9.902853598037897e+39,2.0778956570805633e+42
215.11686031068083,2.643430849736936e-39,2221.5063025101704,4.495941709443927e+44,9.625944929141033e+39,2.0803289956094788e+42
221.59514277319045,2.765635871579653e-39,2324.2058780443695,4.636044445874384e+44,9.35656037046747e+39,2.082724891530182e+42
228.26851986288756,2.8935802525251216e-39,2431.728739355232,4.780440876873398e+44,9.094505645766099e+39,2.0850838482894677e+42
235.14286688912736,3.027539126191424e-39,2544.306105302395,4.929261228535828e+44,8.839591007814646e+39,2.0874063627127008e+42
242.22423609724996,3.167801201224527e-39,2662.1806030295443,5.082639653773531e+44,8.591631157315642e+39,2.0896929250674286e+42
249.518861997039,3.314669457552143e-39,2785.6068530874745,5.240714350334892e+44,8.350445161901014e+39,2.091944019128122e+42
257.03316685164793,3.4684618800801734e-39,2914.8520860234244,5.40362768236531e+44,8.115856375339451e+39,2.0941601222419752e+42
264.7737663318257,3.629512231950076e-39,3050.19679221692,5.571526305614921e+44,7.887692357033987e+39,2.0963417053956785e+42
272.7474753404214,3.7981708696009746e-39,3191.9354068478033,5.744561296403079e+44,7.665784791890823e+39,2.09848923328311e+42
280.96131401229366,3.974805602013473e-39,3340.377031994007,5.922888284452377e+44,7.449969410634396e+39,2.1006031643738673e+42
289.42251389490986,4.1598025966534175e-39,3495.846197975397,6.106667589708434e+44,7.240085910637924e+39,2.1026839509825835e+42
298.13852431507377,4.353567334783834e-39,3658.6836661859948,6.29606436326515e+44,7.035977877333235e+39,2.104732039338969e+42
307.1170189373893,4.556525618972383e-39,3829.2472757906803,6.49124873251877e+44,6.837492706258511e+39,2.1067478696585145e+42
316.36590252023285,4.7691246357906236e-39,4007.912836804386,6.692395950677802e+44,6.644481525797733e+39,2.1087318762138115e+42
325.893317875184,4.991834076880637e-39,4195.075072222505,6.899686550759699e+44,6.456799120660956e+39,2.1106844874064302e+42
335.70765303603906,5.2251473217548725e-39,4391.148612031119,7.113306504209138e+44,6.274303856150225e+39,2.1126061258393123e+42
345.81754864372266,5.469582685897065e-39,4596.569042095438,7.333447384276847e+44,6.096857603251784e+39,2.114497208389626e+42
356.2319055535955,5.725684737946471e-39,4811.794011104996,7.560306534302093e+44,5.924325664591362e+39,2.1163581462820434e+42
366.9598926718588,5.994025689975267e-39,5037.304398945433,7.794087241046301e+44,5.756576701285663e+39,2.118189345162396e+42
378.0109550279529,6.27520686511053e-39,5273.605550069686,8.034998913229726e+44,5.593482660719684e+39,2.1199912051716623e+42
389.3948220900574,6.569860247008648e-39,5521.228575656963,8.28325726542771e+44,5.434918705276281e+39,2.121764121020259e+42
401.1215163310147,6.87865011596226e-39,5780.731728576588,8.539084507487773e+44,5.280763142041306e+39,2.1235084820625834e+42
413.20136205221706,7.202274776708716e-39,6052.701855416681,8.802709539633698e+44,5.130897353504751e+39,2.125224672371784e+42
425.64499447322754,7.541468383315867e-39,6337.755930095399,9.074368153427788e+44,4.9852057292756534e+39,2.1269130708147135e+42
438.4633690951353,7.897002866846499e-39,6636.542673846081,9.354303238767676e+44,4.84357559882594e+39,2.128574051127035e+42
451.6677713458912,8.269689971848436e-39,6949.744266658114,9.642764997099381e+44,4.7058971652760264e+39,2.1302079819884458e+42
465.2698265161135,8.660383408084148e-39,7278.078155563648,9.940011161033868e+44,4.572063440232742e+39,2.1318152270979857e+42
479.2815099941127,9.069981124303159e-39,7622.298965487561,1.0246307220560002e+45,4.441970179688052e+39,2.1333961452493977e+42
493.7151578091455,9.499427711273943e-39,7983.200518725475,1.0561926656052645e+45,4.3155158209851065e+39,2.134951090406511e+42
508.5834774921813,9.949716941730697e-39,8361.617969483334,1.0887151178280713e+45,4.192601420856292e+39,2.1364804117786096e+42
523.8995592637418,1.042189445535618e-38,8758.430060303483,1.1222270975626168e+45,4.07313059453629e+39,2.1379844538957614e+42
539.6768875586653,1.0917060597416079e-38,9174.561507617558,1.1567584968731361e+45,3.957009455951513e+39,2.139463556684072e+42
555.9293528979407,1.1436373420185028e-38,9610.985524107484,1.1923401072798745e+45,3.8441465589858507e+39,2.140918055540835e+42
572.6712641180637,1.1981051856861303e-38,10068.726486023754,1.2290036467773748e+45,3.734452839821241e+39,2.1423482814095444e+42
589.9173609686836,1.255237907825816e-38,10548.862754106975,1.2667817876648625e+45,3.6278415603503503e+39,2.1437545608547405e+42
607.6828270896282,1.3151706043187117e-38,11052.529657285646,1.3057081852132342e+45,3.5242282526574145e+39,2.1451372161366554e+42
625.9833033787363,1.3780455254114027e-38,11580.922648882693,1.345817507193894e+45,3.4235306645622296e+39,2.1464965652856274e+42
644.8349017622636,1.4440124730375399e-38,12135.30064565687,1.3871454642954535e+45,3.325668706221271e+39,2.147832922176249e+42
664.2542193799871,1.5132292211991973e-38,12716.989560635233,1.4297288414551004e+45,3.2305643977789587e+39,2.1491465966012194e+42
684.2583531974968,1.5858619607912223e-38,13327.386041361488,1.4736055301322535e+45,3.138141818061268e+39,2.1504378943448632e+42
704.8649150585383,1.6620857703362593e-38,13967.961425894378,1.5188145615529576e+45,3.048327054303072e+39,2.151707117256282e+42
726.0920471906602,1.7420851141877184e-38,14640.265929643287,1.5653961409543438e+45,2.961048152899892e+39,2.152954563322106e+42
747.9584381778171,1.826054369853008e-38,15345.93307692687,1.6133916828593628e+45,2.8762350711740847e+39,2.154180526738805e+42
770.4833394139888,1.914198386190214e-38,16086.684391988316,1.662843847412917e+45,2.7938196301448775e+39,2.1553852979845252e+42
793.686582052305,2.0067330743384207e-38,16864.334365100007,1.713796577811469e+45,2.7137354682911598e+39,2.156569163890413e+42
817.5885944645944,2.103886033355412e-38,17680.795710344715,1.7662951388591664e+45,2.635917996295402e+39,2.1577324077113832e+42
842.2104202267329,2.2058972126569594e-38,18538.08493267272,1.8203861566845297e+45,2.5603043527566874e+39,2.1588753091962997e+42
867.5737366456217,2.313019613479709e-38,19438.328222908367,1.8761176596527925e+45,2.486833360860415e+39,2.15999814465752e+42
893.7008738441102,2.425520031725278e-38,20383.767700519187,1.9335391205100223e+45,2.4154454859919015e+39,2.1611011870397658e+42
920.6148344206646,2.543679844687014e-38,21376.768025169407,1.9927014997962787e+45,2.3460827942808073e+39,2.1621847059882764e+42
948.3393137010897,2.667795844313492e-38,22419.82339936242,2.0536572905661585e+45,2.278688912063033e+39,2.1632489679162024e+42
976.8987206001366,2.7981811198247077e-38,23515.564985837118,2.116460564456272e+45,2.2132089862465178e+39,2.164294236071195e+42
1006.3181991113602,2.9351659926686667e-38,24666.76876482643,2.1811670191403668e+45,2.1495896455671654e+39,2.165320770601144e+42
1036.6236504441476,3.07909900698826e-38,25876.363857817356,2.2478340272140643e+45,2.0877789627209637e+39,2.1663288286190224e+42
1067.8417558274084,3.230347978961581e-38,27147.44134607605,2.3165206865524298e+45,2.02772641735823e+39,2.1673186642667908e+42
1100.0,3.38930110858383e-38,28483.263613924228,2.3872878721849205e+45,1.9693828599258048e+39,2.168290528778311e+42
