0.000000000000e+00,1.0
5.000000000000e-04,1.0
1.000000000000e-03,1.0
1.500000000000e-03,1.0
2.000000000000e-03,1.0
2.500000000000e-03,1.0
3.000000000000e-03,1.0
3.500000000000e-03,1.0
4.000000000000e-03,1.0
4.500000000000e-03,1.0
5.000000000000e-03,1.0
5.500000000000e-03,1.0
6.000000000000e-03,1.0
6.500000000000e-03,1.0
7.000000000000e-03,1.0
7.500000000000e-03,1.0
8.000000000000e-03,1.0
8.500000000000e-03,1.0
9.000000000000e-03,1.0
9.500000000000e-03,1.0
1.000000000000e-02,1.0
1.050000000000e-02,1.0
1.100000000000e-02,1.0
1.150000000000e-02,1.0
1.200000000000e-02,1.0
1.250000000000e-02,1.0
1.300000000000e-02,1.0
1.350000000000e-02,1.0
1.400000000000e-02,1.0
1.450000000000e-02,1.0
1.500000000000e-02,1.0
1.550000000000e-02,1.0
1.600000000000e-02,1.0
1.650000000000e-02,1.0
1.700000000000e-02,1.0
1.750000000000e-02,1.0
1.800000000000e-02,1.0
1.850000000000e-02,1.0
1.900000000000e-02,1.0
1.950000000000e-02,1.0
2.000000000000e-02,1.0
2.050000000000e-02,1.0
2.100000000000e-02,1.0
2.150000000000e-02,1.0
2.200000000000e-02,1.0
2.250000000000e-02,1.0
2.300000000000e-02,1.0
2.350000000000e-02,1.0
2.400000000000e-02,1.0
2.450000000000e-02,1.0
2.500000000000e-02,1.0
2.550000000000e-02,1.0
2.600000000000e-02,1.0
2.650000000000e-02,1.0
2.700000000000e-02,1.0
2.750000000000e-02,1.0
2.800000000000e-02,1.0
2.850000000000e-02,1.0
2.900000000000e-02,1.0
2.950000000000e-02,1.0
3.000000000000e-02,1.0
3.050000000000e-02,1.0
3.100000000000e-02,1.0
3.150000000000e-02,1.0
3.200000000000e-02,1.0
3.250000000000e-02,1.0
3.300000000000e-02,1.0
3.350000000000e-02,1.0
3.400000000000e-02,1.0
3.450000000000e-02,1.0
3.500000000000e-02,1.0
3.550000000000e-02,1.0
3.600000000000e-02,1.0
3.650000000000e-02,1.0
3.700000000000e-02,1.0
3.750000000000e-02,1.0
3.800000000000e-02,1.0
3.850000000000e-02,1.0
3.900000000000e-02,1.0
3.950000000000e-02,1.0
4.000000000000e-02,1.0
4.050000000000e-02,1.0
4.100000000000e-02,1.0
4.150000000000e-02,1.0
4.200000000000e-02,1.0
4.250000000000e-02,1.0
4.300000000000e-02,1.0
4.350000000000e-02,1.0
4.400000000000e-02,1.0
4.450000000000e-02,1.0
4.500000000000e-02,1.0
4.550000000000e-02,1.0
4.600000000000e-02,1.0
4.650000000000e-02,1.0
4.700000000000e-02,1.0
4.750000000000e-02,1.0
4.800000000000e-02,1.0
4.850000000000e-02,1.0
4.900000000000e-02,1.0
4.950000000000e-02,1.0
5.000000000000e-02,1.0
5.050000000000e-02,1.0
5.100000000000e-02,1.0
5.150000000000e-02,1.0
5.200000000000e-02,1.0
5.250000000000e-02,1.0
5.300000000000e-02,1.0
5.350000000000e-02,1.0
5.400000000000e-02,1.0
5.450000000000e-02,1.0
5.500000000000e-02,1.0
5.550000000000e-02,1.0
5.600000000000e-02,1.0
5.650000000000e-02,1.0
5.700000000000e-02,1.0
5.750000000000e-02,1.0
5.800000000000e-02,1.0
5.850000000000e-02,1.0
5.900000000000e-02,1.0
5.950000000000e-02,1.0
6.000000000000e-02,1.0
6.050000000000e-02,1.0
6.100000000000e-02,1.0
6.150000000000e-02,1.0
6.200000000000e-02,1.0
6.250000000000e-02,1.0
6.300000000000e-02,1.0
6.350000000000e-02,1.0
6.400000000000e-02,1.0
6.450000000000e-02,1.0
6.500000000000e-02,1.0
6.550000000000e-02,1.0
6.600000000000e-02,1.0
6.650000000000e-02,1.0
6.700000000000e-02,1.0
6.750000000000e-02,1.0
6.800000000000e-02,1.0
6.850000000000e-02,1.0
6.900000000000e-02,1.0
6.950000000000e-02,1.0
7.000000000000e-02,1.0
7.050000000000e-02,1.0
7.100000000000e-02,1.0
7.150000000000e-02,1.0
7.200000000000e-02,1.0
7.250000000000e-02,1.0
7.300000000000e-02,1.0
7.350000000000e-02,1.0
7.400000000000e-02,1.0
7.450000000000e-02,1.0
7.500000000000e-02,1.0
7.550000000000e-02,1.0
7.600000000000e-02,1.0
7.650000000000e-02,1.0
7.700000000000e-02,1.0
7.750000000000e-02,1.0
7.800000000000e-02,1.0
7.850000000000e-02,1.0
7.900000000000e-02,1.0
7.950000000000e-02,1.0
8.000000000000e-02,1.0
8.050000000000e-02,1.0
8.100000000000e-02,1.0
8.150000000000e-02,1.0
8.200000000000e-02,1.0
8.250000000000e-02,1.0
8.300000000000e-02,1.0
8.350000000000e-02,1.0
8.400000000000e-02,1.0
8.450000000000e-02,1.0
8.500000000000e-02,1.0
8.550000000000e-02,1.0
8.600000000000e-02,1.0
8.650000000000e-02,1.0
8.700000000000e-02,1.0
8.750000000000e-02,1.0
8.800000000000e-02,1.0
8.850000000000e-02,1.0
8.900000000000e-02,1.0
8.950000000000e-02,1.0
9.000000000000e-02,1.0
9.050000000000e-02,1.0
9.100000000000e-02,1.0
9.150000000000e-02,1.0
9.200000000000e-02,1.0
9.250000000000e-02,1.0
9.300000000000e-02,1.0
9.350000000000e-02,1.0
9.400000000000e-02,1.0
9.450000000000e-02,1.0
9.500000000000e-02,1.0
9.550000000000e-02,1.0
9.600000000000e-02,1.0
9.650000000000e-02,1.0
9.700000000000e-02,1.0
9.750000000000e-02,1.0
9.800000000000e-02,1.0
9.850000000000e-02,1.0
9.900000000000e-02,1.0
9.950000000000e-02,1.0
1.000000000000e-01,1.0
1.005000000000e-01,1.0
1.010000000000e-01,1.0
1.015000000000e-01,1.0
1.020000000000e-01,1.0
1.025000000000e-01,1.0
1.030000000000e-01,1.0
1.035000000000e-01,1.0
1.040000000000e-01,1.0
1.045000000000e-01,1.0
1.050000000000e-01,1.0
1.055000000000e-01,1.0
1.060000000000e-01,1.0
1.065000000000e-01,1.0
1.070000000000e-01,1.0
1.075000000000e-01,1.0
1.080000000000e-01,1.0
1.085000000000e-01,1.0
1.090000000000e-01,1.0
1.095000000000e-01,1.0
1.100000000000e-01,1.0
1.105000000000e-01,1.0
1.110000000000e-01,1.0
1.115000000000e-01,1.0
1.120000000000e-01,1.0
1.125000000000e-01,1.0
1.130000000000e-01,1.0
1.135000000000e-01,1.0
1.140000000000e-01,1.0
1.145000000000e-01,1.0
1.150000000000e-01,1.0
1.155000000000e-01,1.0
1.160000000000e-01,1.0
1.165000000000e-01,1.0
1.170000000000e-01,1.0
1.175000000000e-01,1.0
1.180000000000e-01,1.0
1.185000000000e-01,1.0
1.190000000000e-01,1.0
1.195000000000e-01,1.0
1.200000000000e-01,1.0
1.205000000000e-01,1.0
1.210000000000e-01,1.0
1.215000000000e-01,1.0
1.220000000000e-01,1.0
1.225000000000e-01,1.0
1.230000000000e-01,1.0
1.235000000000e-01,1.0
1.240000000000e-01,1.0
1.245000000000e-01,1.0
1.250000000000e-01,1.0
1.255000000000e-01,1.0
1.260000000000e-01,1.0
1.265000000000e-01,1.0
1.270000000000e-01,1.0
1.275000000000e-01,1.0
1.280000000000e-01,1.0
1.285000000000e-01,1.0
1.290000000000e-01,1.0
1.295000000000e-01,1.0
1.300000000000e-01,1.0
1.305000000000e-01,1.0
1.310000000000e-01,1.0
1.315000000000e-01,1.0
1.320000000000e-01,1.0
1.325000000000e-01,1.0
1.330000000000e-01,1.0
1.335000000000e-01,1.0
1.340000000000e-01,1.0
1.345000000000e-01,1.0
1.350000000000e-01,1.0
1.355000000000e-01,1.0
1.360000000000e-01,1.0
1.365000000000e-01,1.0
1.370000000000e-01,1.0
1.375000000000e-01,1.0
1.380000000000e-01,1.0
1.385000000000e-01,1.0
1.390000000000e-01,1.0
1.395000000000e-01,1.0
1.400000000000e-01,1.0
1.405000000000e-01,1.0
1.410000000000e-01,1.0
1.415000000000e-01,1.0
1.420000000000e-01,1.0
1.425000000000e-01,1.0
1.430000000000e-01,1.0
1.435000000000e-01,1.0
1.440000000000e-01,1.0
1.445000000000e-01,1.0
1.450000000000e-01,1.0
1.455000000000e-01,1.0
1.460000000000e-01,1.0
1.465000000000e-01,1.0
1.470000000000e-01,1.0
1.475000000000e-01,1.0
1.480000000000e-01,1.0
1.485000000000e-01,1.0
1.490000000000e-01,1.0
1.495000000000e-01,1.0
1.500000000000e-01,1.0
1.505000000000e-01,1.0
1.510000000000e-01,1.0
1.515000000000e-01,1.0
1.520000000000e-01,1.0
1.525000000000e-01,1.0
1.530000000000e-01,1.0
1.535000000000e-01,1.0
1.540000000000e-01,1.0
1.545000000000e-01,1.0
1.550000000000e-01,1.0
1.555000000000e-01,1.0
1.560000000000e-01,1.0
1.565000000000e-01,1.0
1.570000000000e-01,1.0
1.575000000000e-01,1.0
1.580000000000e-01,1.0
1.585000000000e-01,1.0
1.590000000000e-01,1.0
1.595000000000e-01,1.0
1.600000000000e-01,1.0
1.605000000000e-01,1.0
1.610000000000e-01,1.0
1.615000000000e-01,1.0
1.620000000000e-01,1.0
1.625000000000e-01,1.0
1.630000000000e-01,1.0
1.635000000000e-01,1.0
1.640000000000e-01,1.0
1.645000000000e-01,1.0
1.650000000000e-01,1.0
1.655000000000e-01,1.0
1.660000000000e-01,1.0
1.665000000000e-01,1.0
1.670000000000e-01,1.0
1.675000000000e-01,1.0
1.680000000000e-01,1.0
1.685000000000e-01,1.0
1.690000000000e-01,1.0
1.695000000000e-01,1.0
1.700000000000e-01,1.0
1.705000000000e-01,1.0
1.710000000000e-01,1.0
1.715000000000e-01,1.0
1.720000000000e-01,1.0
1.725000000000e-01,1.0
1.730000000000e-01,1.0
1.735000000000e-01,1.0
1.740000000000e-01,1.0
1.745000000000e-01,1.0
1.750000000000e-01,1.0
1.755000000000e-01,1.0
1.760000000000e-01,1.0
1.765000000000e-01,1.0
1.770000000000e-01,1.0
1.775000000000e-01,1.0
1.780000000000e-01,1.0
1.785000000000e-01,1.0
1.790000000000e-01,1.0
1.795000000000e-01,1.0
1.800000000000e-01,1.0
1.805000000000e-01,1.0
1.810000000000e-01,1.0
1.815000000000e-01,1.0
1.820000000000e-01,1.0
1.825000000000e-01,1.0
1.830000000000e-01,1.0
1.835000000000e-01,1.0
1.840000000000e-01,1.0
1.845000000000e-01,1.0
1.850000000000e-01,1.0
1.855000000000e-01,1.0
1.860000000000e-01,1.0
1.865000000000e-01,1.0
1.870000000000e-01,1.0
1.875000000000e-01,1.0
1.880000000000e-01,1.0
1.885000000000e-01,1.0
1.890000000000e-01,1.0
1.895000000000e-01,1.0
1.900000000000e-01,1.0
1.905000000000e-01,1.0
1.910000000000e-01,1.0
1.915000000000e-01,1.0
1.920000000000e-01,1.0
1.925000000000e-01,1.0
1.930000000000e-01,1.0
1.935000000000e-01,1.0
1.940000000000e-01,1.0
1.945000000000e-01,1.0
1.950000000000e-01,1.0
1.955000000000e-01,1.0
1.960000000000e-01,1.0
1.965000000000e-01,1.0
1.970000000000e-01,1.0
1.975000000000e-01,1.0
1.980000000000e-01,1.0
1.985000000000e-01,1.0
1.990000000000e-01,1.0
1.995000000000e-01,1.0
2.000000000000e-01,1.0
2.005000000000e-01,1.0
2.010000000000e-01,1.0
2.015000000000e-01,1.0
2.020000000000e-01,1.0
2.025000000000e-01,1.0
2.030000000000e-01,1.0
2.035000000000e-01,1.0
2.040000000000e-01,1.0
2.045000000000e-01,1.0
2.050000000000e-01,1.0
2.055000000000e-01,1.0
2.060000000000e-01,1.0
2.065000000000e-01,1.0
2.070000000000e-01,1.0
2.075000000000e-01,1.0
2.080000000000e-01,1.0
2.085000000000e-01,1.0
2.090000000000e-01,1.0
2.095000000000e-01,1.0
2.100000000000e-01,1.0
2.105000000000e-01,1.0
2.110000000000e-01,1.0
2.115000000000e-01,1.0
2.120000000000e-01,1.0
2.125000000000e-01,1.0
2.130000000000e-01,1.0
2.135000000000e-01,1.0
2.140000000000e-01,1.0
2.145000000000e-01,1.0
2.150000000000e-01,1.0
2.155000000000e-01,1.0
2.160000000000e-01,1.0
2.165000000000e-01,1.0
2.170000000000e-01,1.0
2.175000000000e-01,1.0
2.180000000000e-01,1.0
2.185000000000e-01,1.0
2.190000000000e-01,1.0
2.195000000000e-01,1.0
2.200000000000e-01,1.0
2.205000000000e-01,1.0
2.210000000000e-01,1.0
2.215000000000e-01,1.0
2.220000000000e-01,1.0
2.225000000000e-01,1.0
2.230000000000e-01,1.0
2.235000000000e-01,1.0
2.240000000000e-01,1.0
2.245000000000e-01,1.0
2.250000000000e-01,1.0
2.255000000000e-01,1.0
2.260000000000e-01,1.0
2.265000000000e-01,1.0
2.270000000000e-01,1.0
2.275000000000e-01,1.0
2.280000000000e-01,1.0
2.285000000000e-01,1.0
2.290000000000e-01,1.0
2.295000000000e-01,1.0
2.300000000000e-01,1.0
2.305000000000e-01,1.0
2.310000000000e-01,1.0
2.315000000000e-01,1.0
2.320000000000e-01,1.0
2.325000000000e-01,1.0
2.330000000000e-01,1.0
2.335000000000e-01,1.0
2.340000000000e-01,1.0
2.345000000000e-01,1.0
2.350000000000e-01,1.0
2.355000000000e-01,1.0
2.360000000000e-01,1.0
2.365000000000e-01,1.0
2.370000000000e-01,1.0
2.375000000000e-01,1.0
2.380000000000e-01,1.0
2.385000000000e-01,1.0
2.390000000000e-01,1.0
2.395000000000e-01,1.0
2.400000000000e-01,1.0
2.405000000000e-01,1.0
2.410000000000e-01,1.0
2.415000000000e-01,1.0
2.420000000000e-01,1.0
2.425000000000e-01,1.0
2.430000000000e-01,1.0
2.435000000000e-01,1.0
2.440000000000e-01,1.0
2.445000000000e-01,1.0
2.450000000000e-01,1.0
2.455000000000e-01,1.0
2.460000000000e-01,1.0
2.465000000000e-01,1.0
2.470000000000e-01,1.0
2.475000000000e-01,1.0
2.480000000000e-01,1.0
2.485000000000e-01,1.0
2.490000000000e-01,1.0
2.495000000000e-01,1.0
2.500000000000e-01,1.0
2.505000000000e-01,1.0
2.510000000000e-01,1.0
2.515000000000e-01,1.0
2.520000000000e-01,1.0
2.525000000000e-01,1.0
2.530000000000e-01,1.0
2.535000000000e-01,1.0
2.540000000000e-01,1.0
2.545000000000e-01,1.0
2.550000000000e-01,1.0
2.555000000000e-01,1.0
2.560000000000e-01,1.0
2.565000000000e-01,1.0
2.570000000000e-01,1.0
2.575000000000e-01,1.0
2.580000000000e-01,1.0
2.585000000000e-01,1.0
2.590000000000e-01,1.0
2.595000000000e-01,1.0
2.600000000000e-01,1.0
2.605000000000e-01,1.0
2.610000000000e-01,1.0
2.615000000000e-01,1.0
2.620000000000e-01,1.0
2.625000000000e-01,1.0
2.630000000000e-01,1.0
2.635000000000e-01,1.0
2.640000000000e-01,1.0
2.645000000000e-01,1.0
2.650000000000e-01,1.0
2.655000000000e-01,1.0
2.660000000000e-01,1.0
2.665000000000e-01,1.0
2.670000000000e-01,1.0
2.675000000000e-01,1.0
2.680000000000e-01,1.0
2.685000000000e-01,1.0
2.690000000000e-01,1.0
2.695000000000e-01,1.0
2.700000000000e-01,1.0
2.705000000000e-01,1.0
2.710000000000e-01,1.0
2.715000000000e-01,1.0
2.720000000000e-01,1.0
2.725000000000e-01,1.0
2.730000000000e-01,1.0
2.735000000000e-01,1.0
2.740000000000e-01,1.0
2.745000000000e-01,1.0
2.750000000000e-01,1.0
2.755000000000e-01,1.0
2.760000000000e-01,1.0
2.765000000000e-01,1.0
2.770000000000e-01,1.0
2.775000000000e-01,1.0
2.780000000000e-01,1.0
2.785000000000e-01,1.0
2.790000000000e-01,1.0
2.795000000000e-01,1.0
2.800000000000e-01,1.0
2.805000000000e-01,1.0
2.810000000000e-01,1.0
2.815000000000e-01,1.0
2.820000000000e-01,1.0
2.825000000000e-01,1.0
2.830000000000e-01,1.0
2.835000000000e-01,1.0
2.840000000000e-01,1.0
2.845000000000e-01,1.0
2.850000000000e-01,1.0
2.855000000000e-01,1.0
2.860000000000e-01,1.0
2.865000000000e-01,1.0
2.870000000000e-01,1.0
2.875000000000e-01,1.0
2.880000000000e-01,1.0
2.885000000000e-01,1.0
2.890000000000e-01,1.0
2.895000000000e-01,1.0
2.900000000000e-01,1.0
2.905000000000e-01,1.0
2.910000000000e-01,1.0
2.915000000000e-01,1.0
2.920000000000e-01,1.0
2.925000000000e-01,1.0
2.930000000000e-01,1.0
2.935000000000e-01,1.0
2.940000000000e-01,1.0
2.945000000000e-01,1.0
2.950000000000e-01,1.0
2.955000000000e-01,1.0
2.960000000000e-01,1.0
2.965000000000e-01,1.0
2.970000000000e-01,1.0
2.975000000000e-01,1.0
2.980000000000e-01,1.0
2.985000000000e-01,1.0
2.990000000000e-01,1.0
2.995000000000e-01,1.0
3.000000000000e-01,1.0
3.005000000000e-01,1.0
3.010000000000e-01,1.0
3.015000000000e-01,1.0
3.020000000000e-01,1.0
3.025000000000e-01,1.0
3.030000000000e-01,1.0
3.035000000000e-01,1.0
3.040000000000e-01,1.0
3.045000000000e-01,1.0
3.050000000000e-01,1.0
3.055000000000e-01,1.0
3.060000000000e-01,1.0
3.065000000000e-01,1.0
3.070000000000e-01,1.0
3.075000000000e-01,1.0
3.080000000000e-01,1.0
3.085000000000e-01,1.0
3.090000000000e-01,1.0
3.095000000000e-01,1.0
3.100000000000e-01,1.0
3.105000000000e-01,1.0
3.110000000000e-01,1.0
3.115000000000e-01,1.0
3.120000000000e-01,1.0
3.125000000000e-01,1.0
3.130000000000e-01,1.0
3.135000000000e-01,1.0
3.140000000000e-01,1.0
3.145000000000e-01,1.0
3.150000000000e-01,1.0
3.155000000000e-01,1.0
3.160000000000e-01,1.0
3.165000000000e-01,1.0
3.170000000000e-01,1.0
3.175000000000e-01,1.0
3.180000000000e-01,1.0
3.185000000000e-01,1.0
3.190000000000e-01,1.0
3.195000000000e-01,1.0
3.200000000000e-01,1.0
3.205000000000e-01,1.0
3.210000000000e-01,1.0
3.215000000000e-01,1.0
3.220000000000e-01,1.0
3.225000000000e-01,1.0
3.230000000000e-01,1.0
3.235000000000e-01,1.0
3.240000000000e-01,1.0
3.245000000000e-01,1.0
3.250000000000e-01,1.0
3.255000000000e-01,1.0
3.260000000000e-01,1.0
3.265000000000e-01,1.0
3.270000000000e-01,1.0
3.275000000000e-01,1.0
3.280000000000e-01,1.0
3.285000000000e-01,1.0
3.290000000000e-01,1.0
3.295000000000e-01,1.0
3.300000000000e-01,1.0
3.305000000000e-01,1.0
3.310000000000e-01,1.0
3.315000000000e-01,1.0
3.320000000000e-01,1.0
3.325000000000e-01,1.0
3.330000000000e-01,1.0
3.335000000000e-01,1.0
3.340000000000e-01,1.0
3.345000000000e-01,1.0
3.350000000000e-01,1.0
3.355000000000e-01,1.0
3.360000000000e-01,1.0
3.365000000000e-01,1.0
3.370000000000e-01,1.0
3.375000000000e-01,1.0
3.380000000000e-01,1.0
3.385000000000e-01,1.0
3.390000000000e-01,1.0
3.395000000000e-01,1.0
3.400000000000e-01,1.0
3.405000000000e-01,1.0
3.410000000000e-01,1.0
3.415000000000e-01,1.0
3.420000000000e-01,1.0
3.425000000000e-01,1.0
3.430000000000e-01,1.0
3.435000000000e-01,1.0
3.440000000000e-01,1.0
3.445000000000e-01,1.0
3.450000000000e-01,1.0
3.455000000000e-01,1.0
3.460000000000e-01,1.0
3.465000000000e-01,1.0
3.470000000000e-01,1.0
3.475000000000e-01,1.0
3.480000000000e-01,1.0
3.485000000000e-01,1.0
3.490000000000e-01,1.0
3.495000000000e-01,1.0
3.500000000000e-01,1.0
3.505000000000e-01,1.0
3.510000000000e-01,1.0
3.515000000000e-01,1.0
3.520000000000e-01,1.0
3.525000000000e-01,1.0
3.530000000000e-01,1.0
3.535000000000e-01,1.0
3.540000000000e-01,1.0
3.545000000000e-01,1.0
3.550000000000e-01,1.0
3.555000000000e-01,1.0
3.560000000000e-01,1.0
3.565000000000e-01,1.0
3.570000000000e-01,1.0
3.575000000000e-01,1.0
3.580000000000e-01,1.0
3.585000000000e-01,1.0
3.590000000000e-01,1.0
3.595000000000e-01,1.0
3.600000000000e-01,1.0
3.605000000000e-01,1.0
3.610000000000e-01,1.0
3.615000000000e-01,1.0
3.620000000000e-01,1.0
3.625000000000e-01,1.0
3.630000000000e-01,1.0
3.635000000000e-01,1.0
3.640000000000e-01,1.0
3.645000000000e-01,1.0
3.650000000000e-01,1.0
3.655000000000e-01,1.0
3.660000000000e-01,1.0
3.665000000000e-01,1.0
3.670000000000e-01,1.0
3.675000000000e-01,1.0
3.680000000000e-01,1.0
3.685000000000e-01,1.0
3.690000000000e-01,1.0
3.695000000000e-01,1.0
3.700000000000e-01,1.0
3.705000000000e-01,1.0
3.710000000000e-01,1.0
3.715000000000e-01,1.0
3.720000000000e-01,1.0
3.725000000000e-01,1.0
3.730000000000e-01,1.0
3.735000000000e-01,1.0
3.740000000000e-01,1.0
3.745000000000e-01,1.0
3.750000000000e-01,1.0
3.755000000000e-01,1.0
3.760000000000e-01,1.0
3.765000000000e-01,1.0
3.770000000000e-01,1.0
3.775000000000e-01,1.0
3.780000000000e-01,1.0
3.785000000000e-01,1.0
3.790000000000e-01,1.0
3.795000000000e-01,1.0
3.800000000000e-01,1.0
3.805000000000e-01,1.0
3.810000000000e-01,1.0
3.815000000000e-01,1.0
3.820000000000e-01,1.0
3.825000000000e-01,1.0
3.830000000000e-01,1.0
3.835000000000e-01,1.0
3.840000000000e-01,1.0
3.845000000000e-01,1.0
3.850000000000e-01,1.0
3.855000000000e-01,1.0
3.860000000000e-01,1.0
3.865000000000e-01,1.0
3.870000000000e-01,1.0
3.875000000000e-01,1.0
3.880000000000e-01,1.0
3.885000000000e-01,1.0
3.890000000000e-01,1.0
3.895000000000e-01,1.0
3.900000000000e-01,1.0
3.905000000000e-01,1.0
3.910000000000e-01,1.0
3.915000000000e-01,1.0
3.920000000000e-01,1.0
3.925000000000e-01,1.0
3.930000000000e-01,1.0
3.935000000000e-01,1.0
3.940000000000e-01,1.0
3.945000000000e-01,1.0
3.950000000000e-01,1.0
3.955000000000e-01,1.0
3.960000000000e-01,1.0
3.965000000000e-01,1.0
3.970000000000e-01,1.0
3.975000000000e-01,1.0
3.980000000000e-01,1.0
3.985000000000e-01,1.0
3.990000000000e-01,1.0
3.995000000000e-01,1.0
4.000000000000e-01,1.0
4.005000000000e-01,1.0
4.010000000000e-01,1.0
4.015000000000e-01,1.0
4.020000000000e-01,1.0
4.025000000000e-01,1.0
4.030000000000e-01,1.0
4.035000000000e-01,1.0
4.040000000000e-01,1.0
4.045000000000e-01,1.0
4.050000000000e-01,1.0
4.055000000000e-01,1.0
4.060000000000e-01,1.0
4.065000000000e-01,1.0
4.070000000000e-01,1.0
4.075000000000e-01,1.0
4.080000000000e-01,1.0
4.085000000000e-01,1.0
4.090000000000e-01,1.0
4.095000000000e-01,1.0
4.100000000000e-01,1.0
4.105000000000e-01,1.0
4.110000000000e-01,1.0
4.115000000000e-01,1.0
4.120000000000e-01,1.0
4.125000000000e-01,1.0
4.130000000000e-01,1.0
4.135000000000e-01,1.0
4.140000000000e-01,1.0
4.145000000000e-01,1.0
4.150000000000e-01,1.0
4.155000000000e-01,1.0
4.160000000000e-01,1.0
4.165000000000e-01,1.0
4.170000000000e-01,1.0
4.175000000000e-01,1.0
4.180000000000e-01,1.0
4.185000000000e-01,1.0
4.190000000000e-01,1.0
4.195000000000e-01,1.0
4.200000000000e-01,1.0
4.205000000000e-01,1.0
4.210000000000e-01,1.0
4.215000000000e-01,1.0
4.220000000000e-01,1.0
4.225000000000e-01,1.0
4.230000000000e-01,1.0
4.235000000000e-01,1.0
4.240000000000e-01,1.0
4.245000000000e-01,1.0
4.250000000000e-01,1.0
4.255000000000e-01,1.0
4.260000000000e-01,1.0
4.265000000000e-01,1.0
4.270000000000e-01,1.0
4.275000000000e-01,1.0
4.280000000000e-01,1.0
4.285000000000e-01,1.0
4.290000000000e-01,1.0
4.295000000000e-01,1.0
4.300000000000e-01,1.0
4.305000000000e-01,1.0
4.310000000000e-01,1.0
4.315000000000e-01,1.0
4.320000000000e-01,1.0
4.325000000000e-01,1.0
4.330000000000e-01,1.0
4.335000000000e-01,1.0
4.340000000000e-01,1.0
4.345000000000e-01,1.0
4.350000000000e-01,1.0
4.355000000000e-01,1.0
4.360000000000e-01,1.0
4.365000000000e-01,1.0
4.370000000000e-01,1.0
4.375000000000e-01,1.0
4.380000000000e-01,1.0
4.385000000000e-01,1.0
4.390000000000e-01,1.0
4.395000000000e-01,1.0
4.400000000000e-01,1.0
4.405000000000e-01,1.0
4.410000000000e-01,1.0
4.415000000000e-01,1.0
4.420000000000e-01,1.0
4.425000000000e-01,1.0
4.430000000000e-01,1.0
4.435000000000e-01,1.0
4.440000000000e-01,1.0
4.445000000000e-01,1.0
4.450000000000e-01,1.0
4.455000000000e-01,1.0
4.460000000000e-01,1.0
4.465000000000e-01,1.0
4.470000000000e-01,1.0
4.475000000000e-01,1.0
4.480000000000e-01,1.0
4.485000000000e-01,1.0
4.490000000000e-01,1.0
4.495000000000e-01,1.0
4.500000000000e-01,1.0
4.505000000000e-01,1.0
4.510000000000e-01,1.0
4.515000000000e-01,1.0
4.520000000000e-01,1.0
4.525000000000e-01,1.0
4.530000000000e-01,1.0
4.535000000000e-01,1.0
4.540000000000e-01,1.0
4.545000000000e-01,1.0
4.550000000000e-01,1.0
4.555000000000e-01,1.0
4.560000000000e-01,1.0
4.565000000000e-01,1.0
4.570000000000e-01,1.0
4.575000000000e-01,1.0
4.580000000000e-01,1.0
4.585000000000e-01,1.0
4.590000000000e-01,1.0
4.595000000000e-01,1.0
4.600000000000e-01,1.0
4.605000000000e-01,1.0
4.610000000000e-01,1.0
4.615000000000e-01,1.0
4.620000000000e-01,1.0
4.625000000000e-01,1.0
4.630000000000e-01,1.0
4.635000000000e-01,1.0
4.640000000000e-01,1.0
4.645000000000e-01,1.0
4.650000000000e-01,1.0
4.655000000000e-01,1.0
4.660000000000e-01,1.0
4.665000000000e-01,1.0
4.670000000000e-01,1.0
4.675000000000e-01,1.0
4.680000000000e-01,1.0
4.685000000000e-01,1.0
4.690000000000e-01,1.0
4.695000000000e-01,1.0
4.700000000000e-01,1.0
4.705000000000e-01,1.0
4.710000000000e-01,1.0
4.715000000000e-01,1.0
4.720000000000e-01,1.0
4.725000000000e-01,1.0
4.730000000000e-01,1.0
4.735000000000e-01,1.0
4.740000000000e-01,1.0
4.745000000000e-01,1.0
4.750000000000e-01,1.0
4.755000000000e-01,1.0
4.760000000000e-01,1.0
4.765000000000e-01,1.0
4.770000000000e-01,1.0
4.775000000000e-01,1.0
4.780000000000e-01,1.0
4.785000000000e-01,1.0
4.790000000000e-01,1.0
4.795000000000e-01,1.0
4.800000000000e-01,1.0
4.805000000000e-01,1.0
4.810000000000e-01,1.0
4.815000000000e-01,1.0
4.820000000000e-01,1.0
4.825000000000e-01,1.0
4.830000000000e-01,1.0
4.835000000000e-01,1.0
4.840000000000e-01,1.0
4.845000000000e-01,1.0
4.850000000000e-01,1.0
4.855000000000e-01,1.0
4.860000000000e-01,1.0
4.865000000000e-01,1.0
4.870000000000e-01,1.0
4.875000000000e-01,1.0
4.880000000000e-01,1.0
4.885000000000e-01,1.0
4.890000000000e-01,1.0
4.895000000000e-01,1.0
4.900000000000e-01,1.0
4.905000000000e-01,1.0
4.910000000000e-01,1.0
4.915000000000e-01,1.0
4.920000000000e-01,1.0
4.925000000000e-01,1.0
4.930000000000e-01,1.0
4.935000000000e-01,1.0
4.940000000000e-01,1.0
4.945000000000e-01,1.0
4.950000000000e-01,1.0
4.955000000000e-01,1.0
4.960000000000e-01,1.0
4.965000000000e-01,1.0
4.970000000000e-01,1.0
4.975000000000e-01,1.0
4.980000000000e-01,1.0
4.985000000000e-01,1.0
4.990000000000e-01,1.0
4.995000000000e-01,1.0
5.000000000000e-01,1.0
5.005000000000e-01,1.0
5.010000000000e-01,1.0
5.015000000000e-01,1.0
5.020000000000e-01,1.0
5.025000000000e-01,1.0
5.030000000000e-01,1.0
5.035000000000e-01,1.0
5.040000000000e-01,1.0
5.045000000000e-01,1.0
5.050000000000e-01,1.0
5.055000000000e-01,1.0
5.060000000000e-01,1.0
5.065000000000e-01,1.0
5.070000000000e-01,1.0
5.075000000000e-01,1.0
5.080000000000e-01,1.0
5.085000000000e-01,1.0
5.090000000000e-01,1.0
5.095000000000e-01,1.0
5.100000000000e-01,1.0
5.105000000000e-01,1.0
5.110000000000e-01,1.0
5.115000000000e-01,1.0
5.120000000000e-01,1.0
5.125000000000e-01,1.0
5.130000000000e-01,1.0
5.135000000000e-01,1.0
5.140000000000e-01,1.0
5.145000000000e-01,1.0
5.150000000000e-01,1.0
5.155000000000e-01,1.0
5.160000000000e-01,1.0
5.165000000000e-01,1.0
5.170000000000e-01,1.0
5.175000000000e-01,1.0
5.180000000000e-01,1.0
5.185000000000e-01,1.0
5.190000000000e-01,1.0
5.195000000000e-01,1.0
5.200000000000e-01,1.0
5.205000000000e-01,1.0
5.210000000000e-01,1.0
5.215000000000e-01,1.0
5.220000000000e-01,1.0
5.225000000000e-01,1.0
5.230000000000e-01,1.0
5.235000000000e-01,1.0
5.240000000000e-01,1.0
5.245000000000e-01,1.0
5.250000000000e-01,1.0
5.255000000000e-01,1.0
5.260000000000e-01,1.0
5.265000000000e-01,1.0
5.270000000000e-01,1.0
5.275000000000e-01,1.0
5.280000000000e-01,1.0
5.285000000000e-01,1.0
5.290000000000e-01,1.0
5.295000000000e-01,1.0
5.300000000000e-01,1.0
5.305000000000e-01,1.0
5.310000000000e-01,1.0
5.315000000000e-01,1.0
5.320000000000e-01,1.0
5.325000000000e-01,1.0
5.330000000000e-01,1.0
5.335000000000e-01,1.0
5.340000000000e-01,1.0
5.345000000000e-01,1.0
5.350000000000e-01,1.0
5.355000000000e-01,1.0
5.360000000000e-01,1.0
5.365000000000e-01,1.0
5.370000000000e-01,1.0
5.375000000000e-01,1.0
5.380000000000e-01,1.0
5.385000000000e-01,1.0
5.390000000000e-01,1.0
5.395000000000e-01,1.0
5.400000000000e-01,1.0
5.405000000000e-01,1.0
5.410000000000e-01,1.0
5.415000000000e-01,1.0
5.420000000000e-01,1.0
5.425000000000e-01,1.0
5.430000000000e-01,1.0
5.435000000000e-01,1.0
5.440000000000e-01,1.0
5.445000000000e-01,1.0
5.450000000000e-01,1.0
5.455000000000e-01,1.0
5.460000000000e-01,1.0
5.465000000000e-01,1.0
5.470000000000e-01,1.0
5.475000000000e-01,1.0
5.480000000000e-01,1.0
5.485000000000e-01,1.0
5.490000000000e-01,1.0
5.495000000000e-01,1.0
5.500000000000e-01,1.0
5.505000000000e-01,1.0
5.510000000000e-01,1.0
5.515000000000e-01,1.0
5.520000000000e-01,1.0
5.525000000000e-01,1.0
5.530000000000e-01,1.0
5.535000000000e-01,1.0
5.540000000000e-01,1.0
5.545000000000e-01,1.0
5.550000000000e-01,1.0
5.555000000000e-01,1.0
5.560000000000e-01,1.0
5.565000000000e-01,1.0
5.570000000000e-01,1.0
5.575000000000e-01,1.0
5.580000000000e-01,1.0
5.585000000000e-01,1.0
5.590000000000e-01,1.0
5.595000000000e-01,1.0
5.600000000000e-01,1.0
5.605000000000e-01,1.0
5.610000000000e-01,1.0
5.615000000000e-01,1.0
5.620000000000e-01,1.0
5.625000000000e-01,1.0
5.630000000000e-01,1.0
5.635000000000e-01,1.0
5.640000000000e-01,1.0
5.645000000000e-01,1.0
5.650000000000e-01,1.0
5.655000000000e-01,1.0
5.660000000000e-01,1.0
5.665000000000e-01,1.0
5.670000000000e-01,1.0
5.675000000000e-01,1.0
5.680000000000e-01,1.0
5.685000000000e-01,1.0
5.690000000000e-01,1.0
5.695000000000e-01,1.0
5.700000000000e-01,1.0
5.705000000000e-01,1.0
5.710000000000e-01,1.0
5.715000000000e-01,1.0
5.720000000000e-01,1.0
5.725000000000e-01,1.0
5.730000000000e-01,1.0
5.735000000000e-01,1.0
5.740000000000e-01,1.0
5.745000000000e-01,1.0
5.750000000000e-01,1.0
5.755000000000e-01,1.0
5.760000000000e-01,1.0
5.765000000000e-01,1.0
5.770000000000e-01,1.0
5.775000000000e-01,1.0
5.780000000000e-01,1.0
5.785000000000e-01,1.0
5.790000000000e-01,1.0
5.795000000000e-01,1.0
5.800000000000e-01,1.0
5.805000000000e-01,1.0
5.810000000000e-01,1.0
5.815000000000e-01,1.0
5.820000000000e-01,1.0
5.825000000000e-01,1.0
5.830000000000e-01,1.0
5.835000000000e-01,1.0
5.840000000000e-01,1.0
5.845000000000e-01,1.0
5.850000000000e-01,1.0
5.855000000000e-01,1.0
5.860000000000e-01,1.0
5.865000000000e-01,1.0
5.870000000000e-01,1.0
5.875000000000e-01,1.0
5.880000000000e-01,1.0
5.885000000000e-01,1.0
5.890000000000e-01,1.0
5.895000000000e-01,1.0
5.900000000000e-01,1.0
5.905000000000e-01,1.0
5.910000000000e-01,1.0
5.915000000000e-01,1.0
5.920000000000e-01,1.0
5.925000000000e-01,1.0
5.930000000000e-01,1.0
5.935000000000e-01,1.0
5.940000000000e-01,1.0
5.945000000000e-01,1.0
5.950000000000e-01,1.0
5.955000000000e-01,1.0
5.960000000000e-01,1.0
5.965000000000e-01,1.0
5.970000000000e-01,1.0
5.975000000000e-01,1.0
5.980000000000e-01,1.0
5.985000000000e-01,1.0
5.990000000000e-01,1.0
5.995000000000e-01,1.0
6.000000000000e-01,1.0
6.005000000000e-01,1.0
6.010000000000e-01,1.0
6.015000000000e-01,1.0
6.020000000000e-01,1.0
6.025000000000e-01,1.0
6.030000000000e-01,1.0
6.035000000000e-01,1.0
6.040000000000e-01,1.0
6.045000000000e-01,1.0
6.050000000000e-01,1.0
6.055000000000e-01,1.0
6.060000000000e-01,1.0
6.065000000000e-01,1.0
6.070000000000e-01,1.0
6.075000000000e-01,1.0
6.080000000000e-01,1.0
6.085000000000e-01,1.0
6.090000000000e-01,1.0
6.095000000000e-01,1.0
6.100000000000e-01,1.0
6.105000000000e-01,1.0
6.110000000000e-01,1.0
6.115000000000e-01,1.0
6.120000000000e-01,1.0
6.125000000000e-01,1.0
6.130000000000e-01,1.0
6.135000000000e-01,1.0
6.140000000000e-01,1.0
6.145000000000e-01,1.0
6.150000000000e-01,1.0
6.155000000000e-01,1.0
6.160000000000e-01,1.0
6.165000000000e-01,1.0
6.170000000000e-01,1.0
6.175000000000e-01,1.0
6.180000000000e-01,1.0
6.185000000000e-01,1.0
6.190000000000e-01,1.0
6.195000000000e-01,1.0
6.200000000000e-01,1.0
6.205000000000e-01,1.0
6.210000000000e-01,1.0
6.215000000000e-01,1.0
6.220000000000e-01,1.0
6.225000000000e-01,1.0
6.230000000000e-01,1.0
6.235000000000e-01,1.0
6.240000000000e-01,1.0
6.245000000000e-01,1.0
6.250000000000e-01,1.0
6.255000000000e-01,1.0
6.260000000000e-01,1.0
6.265000000000e-01,1.0
6.270000000000e-01,1.0
6.275000000000e-01,1.0
6.280000000000e-01,1.0
6.285000000000e-01,1.0
6.290000000000e-01,1.0
6.295000000000e-01,1.0
6.300000000000e-01,1.0
6.305000000000e-01,1.0
6.310000000000e-01,1.0
6.315000000000e-01,1.0
6.320000000000e-01,1.0
6.325000000000e-01,1.0
6.330000000000e-01,1.0
6.335000000000e-01,1.0
6.340000000000e-01,1.0
6.345000000000e-01,1.0
6.350000000000e-01,1.0
6.355000000000e-01,1.0
6.360000000000e-01,1.0
6.365000000000e-01,1.0
6.370000000000e-01,1.0
6.375000000000e-01,1.0
6.380000000000e-01,1.0
6.385000000000e-01,1.0
6.390000000000e-01,1.0
6.395000000000e-01,1.0
6.400000000000e-01,1.0
6.405000000000e-01,1.0
6.410000000000e-01,1.0
6.415000000000e-01,1.0
6.420000000000e-01,1.0
6.425000000000e-01,1.0
6.430000000000e-01,1.0
6.435000000000e-01,1.0
6.440000000000e-01,1.0
6.445000000000e-01,1.0
6.450000000000e-01,1.0
6.455000000000e-01,1.0
6.460000000000e-01,1.0
6.465000000000e-01,1.0
6.470000000000e-01,1.0
6.475000000000e-01,1.0
6.480000000000e-01,1.0
6.485000000000e-01,1.0
6.490000000000e-01,1.0
6.495000000000e-01,1.0
6.500000000000e-01,1.0
6.505000000000e-01,1.0
6.510000000000e-01,1.0
6.515000000000e-01,1.0
6.520000000000e-01,1.0
6.525000000000e-01,1.0
6.530000000000e-01,1.0
6.535000000000e-01,1.0
6.540000000000e-01,1.0
6.545000000000e-01,1.0
6.550000000000e-01,1.0
6.555000000000e-01,1.0
6.560000000000e-01,1.0
6.565000000000e-01,1.0
6.570000000000e-01,1.0
6.575000000000e-01,1.0
6.580000000000e-01,1.0
6.585000000000e-01,1.0
6.590000000000e-01,1.0
6.595000000000e-01,1.0
6.600000000000e-01,1.0
6.605000000000e-01,1.0
6.610000000000e-01,1.0
6.615000000000e-01,1.0
6.620000000000e-01,1.0
6.625000000000e-01,1.0
6.630000000000e-01,1.0
6.635000000000e-01,1.0
6.640000000000e-01,1.0
6.645000000000e-01,1.0
6.650000000000e-01,1.0
6.655000000000e-01,1.0
6.660000000000e-01,1.0
6.665000000000e-01,1.0
6.670000000000e-01,1.0
6.675000000000e-01,1.0
6.680000000000e-01,1.0
6.685000000000e-01,1.0
6.690000000000e-01,1.0
6.695000000000e-01,1.0
6.700000000000e-01,1.0
6.705000000000e-01,1.0
6.710000000000e-01,1.0
6.715000000000e-01,1.0
6.720000000000e-01,1.0
6.725000000000e-01,1.0
6.730000000000e-01,1.0
6.735000000000e-01,1.0
6.740000000000e-01,1.0
6.745000000000e-01,1.0
6.750000000000e-01,1.0
6.755000000000e-01,1.0
6.760000000000e-01,1.0
6.765000000000e-01,1.0
6.770000000000e-01,1.0
6.775000000000e-01,1.0
6.780000000000e-01,1.0
6.785000000000e-01,1.0
6.790000000000e-01,1.0
6.795000000000e-01,1.0
6.800000000000e-01,1.0
6.805000000000e-01,1.0
6.810000000000e-01,1.0
6.815000000000e-01,1.0
6.820000000000e-01,1.0
6.825000000000e-01,1.0
6.830000000000e-01,1.0
6.835000000000e-01,1.0
6.840000000000e-01,1.0
6.845000000000e-01,1.0
6.850000000000e-01,1.0
6.855000000000e-01,1.0
6.860000000000e-01,1.0
6.865000000000e-01,1.0
6.870000000000e-01,1.0
6.875000000000e-01,1.0
6.880000000000e-01,1.0
6.885000000000e-01,1.0
6.890000000000e-01,1.0
6.895000000000e-01,1.0
6.900000000000e-01,1.0
6.905000000000e-01,1.0
6.910000000000e-01,1.0
6.915000000000e-01,1.0
6.920000000000e-01,1.0
6.925000000000e-01,1.0
6.930000000000e-01,1.0
6.935000000000e-01,1.0
6.940000000000e-01,1.0
6.945000000000e-01,1.0
6.950000000000e-01,1.0
6.955000000000e-01,1.0
6.960000000000e-01,1.0
6.965000000000e-01,1.0
6.970000000000e-01,1.0
6.975000000000e-01,1.0
6.980000000000e-01,1.0
6.985000000000e-01,1.0
6.990000000000e-01,1.0
6.995000000000e-01,1.0
7.000000000000e-01,1.0
7.005000000000e-01,1.0
7.010000000000e-01,1.0
7.015000000000e-01,1.0
7.020000000000e-01,1.0
7.025000000000e-01,1.0
7.030000000000e-01,1.0
7.035000000000e-01,1.0
7.040000000000e-01,1.0
7.045000000000e-01,1.0
7.050000000000e-01,1.0
7.055000000000e-01,1.0
7.060000000000e-01,1.0
7.065000000000e-01,1.0
7.070000000000e-01,1.0
7.075000000000e-01,1.0
7.080000000000e-01,1.0
7.085000000000e-01,1.0
7.090000000000e-01,1.0
7.095000000000e-01,1.0
7.100000000000e-01,1.0
7.105000000000e-01,1.0
7.110000000000e-01,1.0
7.115000000000e-01,1.0
7.120000000000e-01,1.0
7.125000000000e-01,1.0
7.130000000000e-01,1.0
7.135000000000e-01,1.0
7.140000000000e-01,1.0
7.145000000000e-01,1.0
7.150000000000e-01,1.0
7.155000000000e-01,1.0
7.160000000000e-01,1.0
7.165000000000e-01,1.0
7.170000000000e-01,1.0
7.175000000000e-01,1.0
7.180000000000e-01,1.0
7.185000000000e-01,1.0
7.190000000000e-01,1.0
7.195000000000e-01,1.0
7.200000000000e-01,1.0
7.205000000000e-01,1.0
7.210000000000e-01,1.0
7.215000000000e-01,1.0
7.220000000000e-01,1.0
7.225000000000e-01,1.0
7.230000000000e-01,1.0
7.235000000000e-01,1.0
7.240000000000e-01,1.0
7.245000000000e-01,1.0
7.250000000000e-01,1.0
7.255000000000e-01,1.0
7.260000000000e-01,1.0
7.265000000000e-01,1.0
7.270000000000e-01,1.0
7.275000000000e-01,1.0
7.280000000000e-01,1.0
7.285000000000e-01,1.0
7.290000000000e-01,1.0
7.295000000000e-01,1.0
7.300000000000e-01,1.0
7.305000000000e-01,1.0
7.310000000000e-01,1.0
7.315000000000e-01,1.0
7.320000000000e-01,1.0
7.325000000000e-01,1.0
7.330000000000e-01,1.0
7.335000000000e-01,1.0
7.340000000000e-01,1.0
7.345000000000e-01,1.0
7.350000000000e-01,1.0
7.355000000000e-01,1.0
7.360000000000e-01,1.0
7.365000000000e-01,1.0
7.370000000000e-01,1.0
7.375000000000e-01,1.0
7.380000000000e-01,1.0
7.385000000000e-01,1.0
7.390000000000e-01,1.0
7.395000000000e-01,1.0
7.400000000000e-01,1.0
7.405000000000e-01,1.0
7.410000000000e-01,1.0
7.415000000000e-01,1.0
7.420000000000e-01,1.0
7.425000000000e-01,1.0
7.430000000000e-01,1.0
7.435000000000e-01,1.0
7.440000000000e-01,1.0
7.445000000000e-01,1.0
7.450000000000e-01,1.0
7.455000000000e-01,1.0
7.460000000000e-01,1.0
7.465000000000e-01,1.0
7.470000000000e-01,1.0
7.475000000000e-01,1.0
7.480000000000e-01,1.0
7.485000000000e-01,1.0
7.490000000000e-01,1.0
7.495000000000e-01,1.0
7.500000000000e-01,1.0
7.505000000000e-01,1.0
7.510000000000e-01,1.0
7.515000000000e-01,1.0
7.520000000000e-01,1.0
7.525000000000e-01,1.0
7.530000000000e-01,1.0
7.535000000000e-01,1.0
7.540000000000e-01,1.0
7.545000000000e-01,1.0
7.550000000000e-01,1.0
7.555000000000e-01,1.0
7.560000000000e-01,1.0
7.565000000000e-01,1.0
7.570000000000e-01,1.0
7.575000000000e-01,1.0
7.580000000000e-01,1.0
7.585000000000e-01,1.0
7.590000000000e-01,1.0
7.595000000000e-01,1.0
7.600000000000e-01,1.0
7.605000000000e-01,1.0
7.610000000000e-01,1.0
7.615000000000e-01,1.0
7.620000000000e-01,1.0
7.625000000000e-01,1.0
7.630000000000e-01,1.0
7.635000000000e-01,1.0
7.640000000000e-01,1.0
7.645000000000e-01,1.0
7.650000000000e-01,1.0
7.655000000000e-01,1.0
7.660000000000e-01,1.0
7.665000000000e-01,1.0
7.670000000000e-01,1.0
7.675000000000e-01,1.0
7.680000000000e-01,1.0
7.685000000000e-01,1.0
7.690000000000e-01,1.0
7.695000000000e-01,1.0
7.700000000000e-01,1.0
7.705000000000e-01,1.0
7.710000000000e-01,1.0
7.715000000000e-01,1.0
7.720000000000e-01,1.0
7.725000000000e-01,1.0
7.730000000000e-01,1.0
7.735000000000e-01,1.0
7.740000000000e-01,1.0
7.745000000000e-01,1.0
7.750000000000e-01,1.0
7.755000000000e-01,1.0
7.760000000000e-01,1.0
7.765000000000e-01,1.0
7.770000000000e-01,1.0
7.775000000000e-01,1.0
7.780000000000e-01,1.0
7.785000000000e-01,1.0
7.790000000000e-01,1.0
7.795000000000e-01,1.0
7.800000000000e-01,1.0
7.805000000000e-01,1.0
7.810000000000e-01,1.0
7.815000000000e-01,1.0
7.820000000000e-01,1.0
7.825000000000e-01,1.0
7.830000000000e-01,1.0
7.835000000000e-01,1.0
7.840000000000e-01,1.0
7.845000000000e-01,1.0
7.850000000000e-01,1.0
7.855000000000e-01,1.0
7.860000000000e-01,1.0
7.865000000000e-01,1.0
7.870000000000e-01,1.0
7.875000000000e-01,1.0
7.880000000000e-01,1.0
7.885000000000e-01,1.0
7.890000000000e-01,1.0
7.895000000000e-01,1.0
7.900000000000e-01,1.0
7.905000000000e-01,1.0
7.910000000000e-01,1.0
7.915000000000e-01,1.0
7.920000000000e-01,1.0
7.925000000000e-01,1.0
7.930000000000e-01,1.0
7.935000000000e-01,1.0
7.940000000000e-01,1.0
7.945000000000e-01,1.0
7.950000000000e-01,1.0
7.955000000000e-01,1.0
7.960000000000e-01,1.0
7.965000000000e-01,1.0
7.970000000000e-01,1.0
7.975000000000e-01,1.0
7.980000000000e-01,1.0
7.985000000000e-01,1.0
7.990000000000e-01,1.0
7.995000000000e-01,1.0
8.000000000000e-01,1.0
8.005000000000e-01,1.0
8.010000000000e-01,1.0
8.015000000000e-01,1.0
8.020000000000e-01,1.0
8.025000000000e-01,1.0
8.030000000000e-01,1.0
8.035000000000e-01,1.0
8.040000000000e-01,1.0
8.045000000000e-01,1.0
8.050000000000e-01,1.0
8.055000000000e-01,1.0
8.060000000000e-01,1.0
8.065000000000e-01,1.0
8.070000000000e-01,1.0
8.075000000000e-01,1.0
8.080000000000e-01,1.0
8.085000000000e-01,1.0
8.090000000000e-01,1.0
8.095000000000e-01,1.0
8.100000000000e-01,1.0
8.105000000000e-01,1.0
8.110000000000e-01,1.0
8.115000000000e-01,1.0
8.120000000000e-01,1.0
8.125000000000e-01,1.0
8.130000000000e-01,1.0
8.135000000000e-01,1.0
8.140000000000e-01,1.0
8.145000000000e-01,1.0
8.150000000000e-01,1.0
8.155000000000e-01,1.0
8.160000000000e-01,1.0
8.165000000000e-01,1.0
8.170000000000e-01,1.0
8.175000000000e-01,1.0
8.180000000000e-01,1.0
8.185000000000e-01,1.0
8.190000000000e-01,1.0
8.195000000000e-01,1.0
8.200000000000e-01,1.0
8.205000000000e-01,1.0
8.210000000000e-01,1.0
8.215000000000e-01,1.0
8.220000000000e-01,1.0
8.225000000000e-01,1.0
8.230000000000e-01,1.0
8.235000000000e-01,1.0
8.240000000000e-01,1.0
8.245000000000e-01,1.0
8.250000000000e-01,1.0
8.255000000000e-01,1.0
8.260000000000e-01,1.0
8.265000000000e-01,1.0
8.270000000000e-01,1.0
8.275000000000e-01,1.0
8.280000000000e-01,1.0
8.285000000000e-01,1.0
8.290000000000e-01,1.0
8.295000000000e-01,1.0
8.300000000000e-01,1.0
8.305000000000e-01,1.0
8.310000000000e-01,1.0
8.315000000000e-01,1.0
8.320000000000e-01,1.0
8.325000000000e-01,1.0
8.330000000000e-01,1.0
8.335000000000e-01,1.0
8.340000000000e-01,1.0
8.345000000000e-01,1.0
8.350000000000e-01,1.0
8.355000000000e-01,1.0
8.360000000000e-01,1.0
8.365000000000e-01,1.0
8.370000000000e-01,1.0
8.375000000000e-01,1.0
8.380000000000e-01,1.0
8.385000000000e-01,1.0
8.390000000000e-01,1.0
8.395000000000e-01,1.0
8.400000000000e-01,1.0
8.405000000000e-01,1.0
8.410000000000e-01,1.0
8.415000000000e-01,1.0
8.420000000000e-01,1.0
8.425000000000e-01,1.0
8.430000000000e-01,1.0
8.435000000000e-01,1.0
8.440000000000e-01,1.0
8.445000000000e-01,1.0
8.450000000000e-01,1.0
8.455000000000e-01,1.0
8.460000000000e-01,1.0
8.465000000000e-01,1.0
8.470000000000e-01,1.0
8.475000000000e-01,1.0
8.480000000000e-01,1.0
8.485000000000e-01,1.0
8.490000000000e-01,1.0
8.495000000000e-01,1.0
8.500000000000e-01,1.0
8.505000000000e-01,1.0
8.510000000000e-01,1.0
8.515000000000e-01,1.0
8.520000000000e-01,1.0
8.525000000000e-01,1.0
8.530000000000e-01,1.0
8.535000000000e-01,1.0
8.540000000000e-01,1.0
8.545000000000e-01,1.0
8.550000000000e-01,1.0
8.555000000000e-01,1.0
8.560000000000e-01,1.0
8.565000000000e-01,1.0
8.570000000000e-01,1.0
8.575000000000e-01,1.0
8.580000000000e-01,1.0
8.585000000000e-01,1.0
8.590000000000e-01,1.0
8.595000000000e-01,1.0
8.600000000000e-01,1.0
8.605000000000e-01,1.0
8.610000000000e-01,1.0
8.615000000000e-01,1.0
8.620000000000e-01,1.0
8.625000000000e-01,1.0
8.630000000000e-01,1.0
8.635000000000e-01,1.0
8.640000000000e-01,1.0
8.645000000000e-01,1.0
8.650000000000e-01,1.0
8.655000000000e-01,1.0
8.660000000000e-01,1.0
8.665000000000e-01,1.0
8.670000000000e-01,1.0
8.675000000000e-01,1.0
8.680000000000e-01,1.0
8.685000000000e-01,1.0
8.690000000000e-01,1.0
8.695000000000e-01,1.0
8.700000000000e-01,1.0
8.705000000000e-01,1.0
8.710000000000e-01,1.0
8.715000000000e-01,1.0
8.720000000000e-01,1.0
8.725000000000e-01,1.0
8.730000000000e-01,1.0
8.735000000000e-01,1.0
8.740000000000e-01,1.0
8.745000000000e-01,1.0
8.750000000000e-01,1.0
8.755000000000e-01,1.0
8.760000000000e-01,1.0
8.765000000000e-01,1.0
8.770000000000e-01,1.0
8.775000000000e-01,1.0
8.780000000000e-01,1.0
8.785000000000e-01,1.0
8.790000000000e-01,1.0
8.795000000000e-01,1.0
8.800000000000e-01,1.0
8.805000000000e-01,1.0
8.810000000000e-01,1.0
8.815000000000e-01,1.0
8.820000000000e-01,1.0
8.825000000000e-01,1.0
8.830000000000e-01,1.0
8.835000000000e-01,1.0
8.840000000000e-01,1.0
8.845000000000e-01,1.0
8.850000000000e-01,1.0
8.855000000000e-01,1.0
8.860000000000e-01,1.0
8.865000000000e-01,1.0
8.870000000000e-01,1.0
8.875000000000e-01,1.0
8.880000000000e-01,1.0
8.885000000000e-01,1.0
8.890000000000e-01,1.0
8.895000000000e-01,1.0
8.900000000000e-01,1.0
8.905000000000e-01,1.0
8.910000000000e-01,1.0
8.915000000000e-01,1.0
8.920000000000e-01,1.0
8.925000000000e-01,1.0
8.930000000000e-01,1.0
8.935000000000e-01,1.0
8.940000000000e-01,1.0
8.945000000000e-01,1.0
8.950000000000e-01,1.0
8.955000000000e-01,1.0
8.960000000000e-01,1.0
8.965000000000e-01,1.0
8.970000000000e-01,1.0
8.975000000000e-01,1.0
8.980000000000e-01,1.0
8.985000000000e-01,1.0
8.990000000000e-01,1.0
8.995000000000e-01,1.0
9.000000000000e-01,1.0
9.005000000000e-01,1.0
9.010000000000e-01,1.0
9.015000000000e-01,1.0
9.020000000000e-01,1.0
9.025000000000e-01,1.0
9.030000000000e-01,1.0
9.035000000000e-01,1.0
9.040000000000e-01,1.0
9.045000000000e-01,1.0
9.050000000000e-01,1.0
9.055000000000e-01,1.0
9.060000000000e-01,1.0
9.065000000000e-01,1.0
9.070000000000e-01,1.0
9.075000000000e-01,1.0
9.080000000000e-01,1.0
9.085000000000e-01,1.0
9.090000000000e-01,1.0
9.095000000000e-01,1.0
9.100000000000e-01,1.0
9.105000000000e-01,1.0
9.110000000000e-01,1.0
9.115000000000e-01,1.0
9.120000000000e-01,1.0
9.125000000000e-01,1.0
9.130000000000e-01,1.0
9.135000000000e-01,1.0
9.140000000000e-01,1.0
9.145000000000e-01,1.0
9.150000000000e-01,1.0
9.155000000000e-01,1.0
9.160000000000e-01,1.0
9.165000000000e-01,1.0
9.170000000000e-01,1.0
9.175000000000e-01,1.0
9.180000000000e-01,1.0
9.185000000000e-01,1.0
9.190000000000e-01,1.0
9.195000000000e-01,1.0
9.200000000000e-01,1.0
9.205000000000e-01,1.0
9.210000000000e-01,1.0
9.215000000000e-01,1.0
9.220000000000e-01,1.0
9.225000000000e-01,1.0
9.230000000000e-01,1.0
9.235000000000e-01,1.0
9.240000000000e-01,1.0
9.245000000000e-01,1.0
9.250000000000e-01,1.0
9.255000000000e-01,1.0
9.260000000000e-01,1.0
9.265000000000e-01,1.0
9.270000000000e-01,1.0
9.275000000000e-01,1.0
9.280000000000e-01,1.0
9.285000000000e-01,1.0
9.290000000000e-01,1.0
9.295000000000e-01,1.0
9.300000000000e-01,1.0
9.305000000000e-01,1.0
9.310000000000e-01,1.0
9.315000000000e-01,1.0
9.320000000000e-01,1.0
9.325000000000e-01,1.0
9.330000000000e-01,1.0
9.335000000000e-01,1.0
9.340000000000e-01,1.0
9.345000000000e-01,1.0
9.350000000000e-01,1.0
9.355000000000e-01,1.0
9.360000000000e-01,1.0
9.365000000000e-01,1.0
9.370000000000e-01,1.0
9.375000000000e-01,1.0
9.380000000000e-01,1.0
9.385000000000e-01,1.0
9.390000000000e-01,1.0
9.395000000000e-01,1.0
9.400000000000e-01,1.0
9.405000000000e-01,1.0
9.410000000000e-01,1.0
9.415000000000e-01,1.0
9.420000000000e-01,1.0
9.425000000000e-01,1.0
9.430000000000e-01,1.0
9.435000000000e-01,1.0
9.440000000000e-01,1.0
9.445000000000e-01,1.0
9.450000000000e-01,1.0
9.455000000000e-01,1.0
9.460000000000e-01,1.0
9.465000000000e-01,1.0
9.470000000000e-01,1.0
9.475000000000e-01,1.0
9.480000000000e-01,1.0
9.485000000000e-01,1.0
9.490000000000e-01,1.0
9.495000000000e-01,1.0
9.500000000000e-01,1.0
9.505000000000e-01,1.0
9.510000000000e-01,1.0
9.515000000000e-01,1.0
9.520000000000e-01,1.0
9.525000000000e-01,1.0
9.530000000000e-01,1.0
9.535000000000e-01,1.0
9.540000000000e-01,1.0
9.545000000000e-01,1.0
9.550000000000e-01,1.0
9.555000000000e-01,1.0
9.560000000000e-01,1.0
9.565000000000e-01,1.0
9.570000000000e-01,1.0
9.575000000000e-01,1.0
9.580000000000e-01,1.0
9.585000000000e-01,1.0
9.590000000000e-01,1.0
9.595000000000e-01,1.0
9.600000000000e-01,1.0
9.605000000000e-01,1.0
9.610000000000e-01,1.0
9.615000000000e-01,1.0
9.620000000000e-01,1.0
9.625000000000e-01,1.0
9.630000000000e-01,1.0
9.635000000000e-01,1.0
9.640000000000e-01,1.0
9.645000000000e-01,1.0
9.650000000000e-01,1.0
9.655000000000e-01,1.0
9.660000000000e-01,1.0
9.665000000000e-01,1.0
9.670000000000e-01,1.0
9.675000000000e-01,1.0
9.680000000000e-01,1.0
9.685000000000e-01,1.0
9.690000000000e-01,1.0
9.695000000000e-01,1.0
9.700000000000e-01,1.0
9.705000000000e-01,1.0
9.710000000000e-01,1.0
9.715000000000e-01,1.0
9.720000000000e-01,1.0
9.725000000000e-01,1.0
9.730000000000e-01,1.0
9.735000000000e-01,1.0
9.740000000000e-01,1.0
9.745000000000e-01,1.0
9.750000000000e-01,1.0
9.755000000000e-01,1.0
9.760000000000e-01,1.0
9.765000000000e-01,1.0
9.770000000000e-01,1.0
9.775000000000e-01,1.0
9.780000000000e-01,1.0
9.785000000000e-01,1.0
9.790000000000e-01,1.0
9.795000000000e-01,1.0
9.800000000000e-01,1.0
9.805000000000e-01,1.0
9.810000000000e-01,1.0
9.815000000000e-01,1.0
9.820000000000e-01,1.0
9.825000000000e-01,1.0
9.830000000000e-01,1.0
9.835000000000e-01,1.0
9.840000000000e-01,1.0
9.845000000000e-01,1.0
9.850000000000e-01,1.0
9.855000000000e-01,1.0
9.860000000000e-01,1.0
9.865000000000e-01,1.0
9.870000000000e-01,1.0
9.875000000000e-01,1.0
9.880000000000e-01,1.0
9.885000000000e-01,1.0
9.890000000000e-01,1.0
9.895000000000e-01,1.0
9.900000000000e-01,1.0
9.905000000000e-01,1.0
9.910000000000e-01,1.0
9.915000000000e-01,1.0
9.920000000000e-01,1.0
9.925000000000e-01,1.0
9.930000000000e-01,1.0
9.935000000000e-01,1.0
9.940000000000e-01,1.0
9.945000000000e-01,1.0
9.950000000000e-01,1.0
9.955000000000e-01,1.0
9.960000000000e-01,1.0
9.965000000000e-01,1.0
9.970000000000e-01,1.0
9.975000000000e-01,1.0
9.980000000000e-01,1.0
9.985000000000e-01,1.0
9.990000000000e-01,1.0
9.995000000000e-01,1.0
1.000000000000e+00,1.0
