z,H_SI,H_km_s_Mpc
0.0,2.1843858348746465e-18,67.403104
0.00125,2.1856776040420263e-18,67.44296383160246
0.0025,2.186971837393662e-18,67.48289969998606
0.00375,2.1882685345862087e-18,67.5229115945563
0.005,2.1895676952688206e-18,67.56299950448721
0.00625,2.1908693190831815e-18,67.6031634187223
0.0075,2.192173405663526e-18,67.64340332597523
0.00875,2.19347995463667e-18,67.68371921473073
0.01,2.1947889656220346e-18,67.7241110732454
0.01125,2.1961004382316734e-18,67.76457888954842
0.0125,2.197414372070297e-18,67.80512265144245
0.01375,2.1987307667353025e-18,67.84574234650448
0.015,2.2000496218167965e-18,67.88643796208649
0.01625,2.201370936897624e-18,67.92720948531645
0.0175,2.202694711553393e-18,67.96805690309898
0.01875,2.2040209453525018e-18,68.00898020211625
0.02,2.2053496378561655e-18,68.04997936882876
0.02125,2.206680788618443e-18,68.0910543894762
0.0225,2.208014397186262e-18,68.13220525007824
0.02375,2.2093504630994468e-18,68.17343193643532
0.025,2.2106889858907436e-18,68.21473443412953
0.02625,2.212029965085849e-18,68.25611272852535
0.0275,2.213373400203434e-18,68.29756680477055
0.02875,2.214719290755174e-18,68.33909664779702
0.03,2.2160676362457714e-18,68.38070224232142
0.03125,2.217418436172986e-18,68.42238357284629
0.0325,2.218771690027659e-18,68.4641406236606
0.03375,2.2201273972937413e-18,68.50597337884075
0.035,2.221485557448318e-18,68.54788182225127
0.03625,2.2228461699616383e-18,68.58986593754577
0.0375,2.2242092342971403e-18,68.63192570816766
0.03875,2.2255747499114773e-18,68.67406111735102
0.04,2.2269427162545458e-18,68.71627214812142
0.04125,2.228313132769511e-18,68.75855878329676
0.0425,2.229685998892835e-18,68.80092100548806
0.043750000000000004,2.231061314054302e-18,68.8433587971003
0.045,2.232439077677047e-18,68.88587214033329
0.04625,2.2338192891775807e-18,68.92846101718241
0.0475,2.2352019479658176e-18,68.97112540943957
0.04875,2.2365870534451013e-18,69.01386529869383
0.05,2.237974605012233e-18,69.05668066633245
0.051250000000000004,2.239364602057499e-18,69.0995714935416
0.0525,2.2407570439646938e-18,69.14253776130721
0.05375,2.24215193011115e-18,69.18557945041574
0.055,2.2435492598677658e-18,69.22869654145514
0.05625,2.2449490325990297e-18,69.27188901481559
0.0575,2.2463512476630475e-18,69.31515685069027
0.058750000000000004,2.2477559044115705e-18,69.35850002907635
0.06,2.249163002190021e-18,69.40191852977567
0.06125,2.2505725403375216e-18,69.44541233239566
0.0625,2.2519845181869173e-18,69.48898141635009
0.06375,2.253398935064808e-18,69.53262576085999
0.065,2.2548157902915712e-18,69.5763453449544
0.06625,2.256235083181391e-18,69.62014014747128
0.0675,2.2576568130422833e-18,69.6640101470582
0.06875,2.259080979176125e-18,69.70795532217335
0.07,2.260507580878678e-18,69.7519756510862
0.07125000000000001,2.261936617439618e-18,69.79607111187843
0.0725,2.263368088142561e-18,69.84024168244477
0.07375,2.264801992265089e-18,69.88448734049369
0.075,2.2662383290787788e-18,69.92880806354843
0.07625,2.2676770978492277e-18,69.97320382894767
0.0775,2.269118297836079e-18,70.0176746138464
0.07875,2.270561928293052e-18,70.0622203952168
0.08,2.2720079884679643e-18,70.10684114984895
0.08125,2.2734564776027636e-18,70.15153685435178
0.0825,2.2749073949335504e-18,70.19630748515384
0.08375,2.276360739690607e-18,70.24115301850412
0.085,2.2778165110984243e-18,70.2860734304729
0.08625000000000001,2.2792747083757265e-18,70.33106869695253
0.08750000000000001,2.2807353307354993e-18,70.37613879365828
0.08875,2.2821983773850176e-18,70.42128369612924
0.09,2.283663847525869e-18,70.46650337972893
0.09125,2.285131740353984e-18,70.5117978196464
0.0925,2.286602055059661e-18,70.55716699089685
0.09375,2.2880747908275915e-18,70.60261086832249
0.095,2.2895499468368912e-18,70.64812942659347
0.09625,2.291027522261121e-18,70.69372264020855
0.0975,2.292507516268318e-18,70.73939048349605
0.09875,2.293989928021018e-18,70.78513293061451
0.1,2.2954747566762888e-18,70.83094995555375
0.10125,2.296962001385746e-18,70.87684153213539
0.10250000000000001,2.298451661295592e-18,70.92280763401398
0.10375000000000001,2.2999437355466324e-18,70.96884823467754
0.105,2.3014382232743075e-18,71.01496330744854
0.10625,2.3029351236087185e-18,71.06115282548473
0.1075,2.3044344356746513e-18,71.10741676177982
0.10875,2.3059361585916064e-18,71.15375508916442
0.11,2.3074402914738226e-18,71.2001677803068
0.11125,2.3089468334303037e-18,71.2466548077137
0.1125,2.3104557835648472e-18,71.2932161437312
0.11375,2.3119671409760667e-18,71.3398517605454
0.115,2.313480904757422e-18,71.38656163018342
0.11625,2.3149970739972432e-18,71.43334572451406
0.11750000000000001,2.316515647778757e-18,71.48020401524863
0.11875000000000001,2.3180366251801133e-18,71.52713647394182
0.12,2.3195600052744117e-18,71.5741430719925
0.12125,2.321085787129727e-18,71.62122378064443
0.1225,2.322613969809136e-18,71.66837857098719
0.12375,2.3241445523707426e-18,71.71560741395689
0.125,2.325677533867705e-18,71.76291028033707
0.12625,2.3272129133482615e-18,71.81028714075941
0.1275,2.3287506898557547e-18,71.85773796570459
0.12875,2.330290862428661e-18,71.90526272550302
0.13,2.331833430100612e-18,71.95286139033576
0.13125,2.3333783919004264e-18,72.00053393023524
0.1325,2.3349257468521287e-18,72.048280315086
0.13375,2.3364754939749803e-18,72.09610051462565
0.135,2.3380276322835046e-18,72.14399449844552
0.13625,2.33958216078751e-18,72.19196223599151
0.1375,2.3411390784921192e-18,72.2400036965649
0.13875,2.3426983843977925e-18,72.28811884932314
0.14,2.3442600775003533e-18,72.33630766328055
0.14125000000000001,2.345824156791016e-18,72.38457010730929
0.14250000000000002,2.347390621256409e-18,72.43290615013994
0.14375000000000002,2.3489594698786033e-18,72.48131576036252
0.145,2.3505307016351335e-18,72.52979890642705
0.14625,2.3521043154990287e-18,72.57835555664451
0.1475,2.353680310438833e-18,72.62698567918748
0.14875,2.355258685418634e-18,72.67568924209108
0.15,2.356839439398088e-18,72.7244662132536
0.15125,2.358422571332443e-18,72.77331656043744
0.1525,2.3600080801725664e-18,72.82224025126969
0.15375,2.36159596486497e-18,72.87123725324312
0.155,2.3631862243518332e-18,72.9203075337168
0.15625,2.3647788575710312e-18,72.96945105991698
0.1575,2.3663738634561576e-18,73.01866779893778
0.15875,2.3679712409365508e-18,73.06795771774208
0.16,2.3695709889373178e-18,73.1173207831621
0.16125,2.3711731063793616e-18,73.1667569619004
0.1625,2.372777592179403e-18,73.2162662205305
0.16375,2.374384445250008e-18,73.26584852549766
0.165,2.3759936644996115e-18,73.31550384311971
0.16625,2.3776052488325422e-18,73.36523213958779
0.1675,2.3792191971490486e-18,73.41503338096709
0.16875,2.3808355083453215e-18,73.46490753319762
0.17,2.3824541813135203e-18,73.51485456209498
0.17125,2.384075214941798e-18,73.56487443335119
0.17250000000000001,2.3856986081143237e-18,73.61496711253527
0.17375000000000002,2.3873243597113093e-18,73.6651325650942
0.17500000000000002,2.3889524686090335e-18,73.71537075635354
0.17625,2.390582933679865e-18,73.76568165151824
0.1775,2.3922157537922892e-18,73.81606521567339
0.17875,2.39385092781093e-18,73.86652141378495
0.18,2.3954884545965763e-18,73.91705021070057
0.18125,2.397128333006204e-18,73.96765157115017
0.1825,2.3987705618930044e-18,74.01832545974693
0.18375,2.4004151401064014e-18,74.06907184098782
0.185,2.4020620664920832e-18,74.11989067925447
0.18625,2.4037113398920206e-18,74.17078193881383
0.1875,2.4053629591444953e-18,74.22174558381904
0.18875,2.4070169230841206e-18,74.27278157831002
0.19,2.4086732305418673e-18,74.32388988621427
0.19125,2.4103318803450852e-18,74.37507047134761
0.1925,2.4119928713175316e-18,74.426323297415
0.19375,2.4136562022793898e-18,74.47764832801106
0.195,2.4153218720472952e-18,74.52904552662099
0.19625,2.41698987943436e-18,74.58051485662128
0.1975,2.4186602232501945e-18,74.6320562812803
0.19875,2.420332902300932e-18,74.68366976375921
0.2,2.422007915389254e-18,74.73535526711261
0.20125,2.4236852613144085e-18,74.78711275428915
0.2025,2.4253649388722396e-18,74.83894218813249
0.20375000000000001,2.427046946855205e-18,74.89084353138176
0.20500000000000002,2.4287312840524057e-18,74.94281674667249
0.20625000000000002,2.4304179492496027e-18,74.99486179653722
0.20750000000000002,2.4321069412292447e-18,75.04697864340622
0.20875,2.43379825877049e-18,75.09916724960826
0.21,2.4354919006492278e-18,75.15142757737122
0.21125,2.437187865638104e-18,75.2037595888229
0.2125,2.438886152506543e-18,75.25616324599176
0.21375,2.4405867600207697e-18,75.3086385108074
0.215,2.4422896869438334e-18,75.36118534510156
0.21625,2.443994932035631e-18,75.41380371060863
0.2175,2.4457024940529274e-18,75.46649356896641
0.21875,2.447412371749382e-18,75.51925488171683
0.22,2.4491245638755677e-18,75.57208761030661
0.22125,2.450839069178995e-18,75.62499171608795
0.2225,2.4525558864041343e-18,75.67796716031926
0.22375,2.4542750142924405e-18,75.73101390416588
0.225,2.455996451582371e-18,75.7841319087007
0.22625,2.4577201970094105e-18,75.83732113490484
0.2275,2.4594462493060943e-18,75.89058154366843
0.22875,2.4611746072020295e-18,75.94391309579123
0.23,2.4629052694239156e-18,75.99731575198332
0.23125,2.4646382346955697e-18,76.05078947286579
0.2325,2.4663735017379458e-18,76.10433421897139
0.23375,2.468111069269159e-18,76.1579499507453
0.23500000000000001,2.469850936004504e-18,76.21163662854568
0.23625000000000002,2.4715931006564817e-18,76.26539421264441
0.23750000000000002,2.4733375619348178e-18,76.31922266322783
0.23875000000000002,2.475084318546484e-18,76.37312194039724
0.24,2.476833369195723e-18,76.42709200416974
0.24125,2.4785847125840674e-18,76.4811328144788
0.2425,2.4803383474103607e-18,76.53524433117497
0.24375,2.4820942723707812e-18,76.58942651402647
0.245,2.4838524861588634e-18,76.64367932272
0.24625,2.485612987465515e-18,76.69800271686123
0.2475,2.487375774979045e-18,76.75239665597555
0.24875,2.4891408473851783e-18,76.8068610995087
0.25,2.4909082033670833e-18,76.86139600682748
0.25125000000000003,2.4926778416053863e-18,76.9160013372203
0.2525,2.4944497607781992e-18,76.97067704989793
0.25375000000000003,2.4962239595611358e-18,77.0254231039941
0.255,2.4980004366273324e-18,77.08023945856607
0.25625,2.4997791906474753e-18,77.13512607259548
0.2575,2.501560220289812e-18,77.19008290498878
0.25875,2.503343524220179e-18,77.24510991457798
0.26,2.505129101102021e-18,77.30020706012127
0.26125,2.5069169495964095e-18,77.35537430030364
0.2625,2.5087070683620655e-18,77.41061159373756
0.26375,2.5104994560553782e-18,77.46591889896352
0.265,2.512294111330429e-18,77.52129617445081
0.26625,2.514091032839005e-18,77.57674337859794
0.2675,2.5158902192306283e-18,77.63226046973351
0.26875,2.5176916691525693e-18,77.68784740611663
0.27,2.5194953812498685e-18,77.74350414593764
0.27125,2.521301354165358e-18,77.79923064731871
0.2725,2.5231095865396826e-18,77.85502686831451
0.27375,2.5249200770113158e-18,77.91089276691274
0.275,2.526732824216583e-18,77.96682830103477
0.27625,2.5285478267896802e-18,78.02283342853633
0.2775,2.5303650833626938e-18,78.07890810720798
0.27875,2.5321845925656205e-18,78.13505229477587
0.28,2.5340063530263877e-18,78.19126594890223
0.28125,2.5358303633708714e-18,78.24754902718605
0.28250000000000003,2.537656622222918e-18,78.30390148716364
0.28375,2.539485128204361e-18,78.36032328630927
0.28500000000000003,2.541315879935044e-18,78.41681438203572
0.28625,2.5431488760328352e-18,78.47337473169488
0.28750000000000003,2.544984115113653e-18,78.53000429257844
0.28875,2.5468215957914777e-18,78.58670302191831
0.29,2.548661316678378e-18,78.6434708768874
0.29125,2.5505032763845253e-18,78.7003078146001
0.2925,2.5523474735182146e-18,78.75721379211285
0.29375,2.5541939066858832e-18,78.81418876642482
0.295,2.556042574492128e-18,78.87123269447838
0.29625,2.557893475539728e-18,78.92834553315976
0.2975,2.5597466084296594e-18,78.98552723929961
0.29875,2.5616019717611166e-18,79.04277776967359
0.3,2.563459564131529e-18,79.1000970810029
0.30125,2.565319384136581e-18,79.15748512995488
0.3025,2.5671814303702307e-18,79.21494187314362
0.30375,2.569045701424727e-18,79.27246726713044
0.305,2.5709121958906285e-18,79.33006126842454
0.30625,2.5727809123568227e-18,79.38772383348353
0.3075,2.5746518494105433e-18,79.445454918714
0.30875,2.576525005637388e-18,79.50325448047207
0.31,2.578400379621338e-18,79.56112247506393
0.31125,2.580277969944775e-18,79.61905885874648
0.3125,2.5821577751884988e-18,79.67706358772776
0.31375000000000003,2.584039793931747e-18,79.73513661816764
0.315,2.5859240247522104e-18,79.79327790617823
0.31625000000000003,2.587810466226054e-18,79.85148740782458
0.3175,2.5896991169279307e-18,79.90976507912507
0.31875000000000003,2.5915899754310026e-18,79.96811087605208
0.32,2.593483040306955e-18,80.02652475453243
0.32125,2.595378310126019e-18,80.08500667044805
0.3225,2.597275783456983e-18,80.1435565796364
0.32375,2.599175458867215e-18,80.20217443789103
0.325,2.6010773349226767e-18,80.26086020096216
0.32625,2.6029814101879422e-18,80.31961382455718
0.3275,2.6048876832262167e-18,80.37843526434122
0.32875,2.6067961525993477e-18,80.43732447593756
0.33,2.6087068168678513e-18,80.49628141492833
0.33125,2.61061967459092e-18,80.5553060368549
0.3325,2.6125347243264457e-18,80.61439829721843
0.33375,2.614451964631035e-18,80.67355815148046
0.335,2.6163713940600247e-18,80.73278555506334
0.33625,2.6182930111674995e-18,80.79208046335079
0.3375,2.620216814506309e-18,80.85144283168842
0.33875,2.6221428026280838e-18,80.9108726153842
0.34,2.6240709740832515e-18,80.97036976970904
0.34125,2.6260013274210544e-18,81.02993424989718
0.3425,2.627933861189565e-18,81.08956601114687
0.34375,2.629868573935704e-18,81.14926500862073
0.34500000000000003,2.631805464205252e-18,81.20903119744627
0.34625,2.633744530542873e-18,81.26886453271649
0.34750000000000003,2.6356857714921234e-18,81.32876496949024
0.34875,2.637629185595471e-18,81.38873246279277
0.35000000000000003,2.6395747713943143e-18,81.44876696761636
0.35125,2.6415225274289914e-18,81.50886843892053
0.3525,2.643472452238802e-18,81.5690368316328
0.35375,2.64542454436202e-18,81.62927210064899
0.355,2.6473788023359108e-18,81.68957420083385
0.35625,2.6493352246967464e-18,81.74994308702144
0.3575,2.6512938099798205e-18,81.81037871401564
0.35875,2.653254556719465e-18,81.87088103659067
0.36,2.655217463449063e-18,81.93145000949147
0.36125,2.6571825287010705e-18,81.99208558743435
0.3625,2.6591497510070233e-18,82.05278772510722
0.36375,2.661119128897558e-18,82.11355637717031
0.365,2.663090660902427e-18,82.17439149825648
0.36625,2.665064345550511e-18,82.23529304297173
0.3675,2.6670401813698344e-18,82.29626096589568
0.36875,2.669018166887584e-18,82.35729522158202
0.37,2.6709983006301186e-18,82.41839576455897
0.37125,2.672980581122989e-18,82.47956254932974
0.3725,2.674965006890949e-18,82.54079553037302
0.37375,2.6769515764579727e-18,82.6020946621434
0.375,2.6789402883472667e-18,82.6634598990718
0.37625000000000003,2.680931141081288e-18,82.724891195566
0.3775,2.6829241331817554e-18,82.78638850601102
0.37875000000000003,2.684919263169666e-18,82.84795178476958
0.38,2.6869165295653084e-18,82.90958098618258
0.38125000000000003,2.6889159308882796e-18,82.97127606456955
0.3825,2.690917465657495e-18,83.03303697422899
0.38375000000000004,2.692921132391207e-18,83.09486366943892
0.385,2.6949269296070157e-18,83.15675610445732
0.38625,2.6969348558218866e-18,83.21871423352248
0.3875,2.698944909552161e-18,83.28073801085348
0.38875,2.700957089313573e-18,83.34282739065068
0.39,2.7029713936212605e-18,83.40498232709601
0.39125,2.704987820989782e-18,83.46720277435354
0.3925,2.70700636993313e-18,83.52948868656985
0.39375,2.7090270389647412e-18,83.59184001787442
0.395,2.711049826597516e-18,83.65425672238014
0.39625,2.7130747313438265e-18,83.7167387541836
0.3975,2.7151017517155342e-18,83.77928606736565
0.39875,2.7171308862240013e-18,83.84189861599171
0.4,2.719162133380104e-18,83.90457635411225
0.40125,2.7211954916942492e-18,83.96731923576323
0.4025,2.7232309596763812e-18,84.03012721496631
0.40375,2.7252685358360015e-18,84.09300024572953
0.405,2.7273082186821796e-18,84.15593828204757
0.40625,2.729350006723565e-18,84.21894127790218
0.40750000000000003,2.731393898468402e-18,84.28200918726256
0.40875,2.7334398924245415e-18,84.34514196408583
0.41000000000000003,2.7354879870994544e-18,84.40833956231732
0.41125,2.7375381810002434e-18,84.47160193589107
0.41250000000000003,2.7395904726336595e-18,84.53492903873021
0.41375,2.74164486050611e-18,84.59832082474729
0.41500000000000004,2.743701343123673e-18,84.66177724784471
0.41625,2.745759918992112e-18,84.72529826191513
0.4175,2.747820586616886e-18,84.78888382084182
0.41875,2.749883344503162e-18,84.85253387849909
0.42,2.751948191155831e-18,84.91624838875266
0.42125,2.754015125079514e-18,84.98002730545998
0.4225,2.7560841447785796e-18,85.0438705824707
0.42375,2.7581552487571566e-18,85.10777817362703
0.425,2.7602284355191403e-18,85.17175003276401
0.42625,2.7623037035682122e-18,85.23578611371008
0.4275,2.7643810514078463e-18,85.29988637028725
0.42875,2.7664604775413244e-18,85.36405075631167
0.43,2.7685419804717462e-18,85.42827922559377
0.43125,2.7706255587020427e-18,85.49257173193887
0.4325,2.772711210734988e-18,85.55692822914737
0.43375,2.7747989350732074e-18,85.62134867101516
0.435,2.7768887302191956e-18,85.68583301133401
0.43625,2.778980594675323e-18,85.75038120389192
0.4375,2.7810745269438496e-18,85.81499320247346
0.43875000000000003,2.783170525526936e-18,85.87966896086013
0.44,2.7852685889266567e-18,85.94440843283078
0.44125000000000003,2.787368715645007e-18,86.00921157216185
0.4425,2.789470904183919e-18,86.07407833262772
0.44375000000000003,2.791575153045272e-18,86.13900866800128
0.445,2.7936814607309003e-18,86.20400253205393
0.44625000000000004,2.7957898257426086e-18,86.26905987855623
0.4475,2.7979002465821825e-18,86.33418066127808
0.44875,2.8000127217513968e-18,86.3993648339891
0.45,2.8021272497520297e-18,86.46461235045899
0.45125,2.8042438290858714e-18,86.52992316445783
0.4525,2.806362458254737e-18,86.59529722975645
0.45375,2.8084831357604742e-18,86.66073450012671
0.455,2.810605860104981e-18,86.72623492934201
0.45625,2.8127306297902064e-18,86.79179847117734
0.4575,2.8148574433181683e-18,86.85742507940978
0.45875,2.8169862991909635e-18,86.9231147078189
0.46,2.819117195910776e-18,86.98886731018688
0.46125,2.821250131979888e-18,87.05468284029901
0.4625,2.8233851059006915e-18,87.12056125194393
0.46375,2.8255221161756974e-18,87.18650249891395
0.465,2.827661161307547e-18,87.25250653500542
0.46625,2.829802239799021e-18,87.31857331401898
0.4675,2.8319453501530516e-18,87.38470278975991
0.46875,2.8340904908727305e-18,87.45089491603848
0.47000000000000003,2.836237660461321e-18,87.51714964667022
0.47125,2.838386857422265e-18,87.58346693547617
0.47250000000000003,2.8405380802591988e-18,87.64984673628335
0.47375,2.8426913274759546e-18,87.71628900292488
0.47500000000000003,2.8448465975765794e-18,87.78279368924044
0.47625,2.8470038890653385e-18,87.8493607490765
0.47750000000000004,2.849163200446727e-18,87.9159901362866
0.47875,2.8513245302254814e-18,87.98268180473171
0.48,2.8534878769065865e-18,88.04943570828051
0.48125,2.8556532389952866e-18,88.11625180080965
0.4825,2.8578206149970943e-18,88.18313003620405
0.48375,2.8599900034178023e-18,88.25007036835731
0.485,2.862161402763488e-18,88.31707275117178
0.48625,2.8643348115405286e-18,88.38413713855908
0.4875,2.8665102282556062e-18,88.45126348444026
0.48875,2.8686876514157197e-18,88.51845174274608
0.49,2.8708670795281915e-18,88.58570186741734
0.49125,2.8730485111006803e-18,88.6530138124052
0.4925,2.8752319446411857e-18,88.72038753167135
0.49375,2.877417378658062e-18,88.78782297918838
0.495,2.879604811660023e-18,88.85532010894003
0.49625,2.881794242156154e-18,88.92287887492148
0.4975,2.883985668655919e-18,88.9904992311396
0.49875,2.8861790896691715e-18,89.05818113161325
0.5,2.8883745037061607e-18,89.12592453037354
0.50125,2.8905719092775412e-18,89.19372938146407
0.5025000000000001,2.892771304894384e-18,89.26159563894129
0.50375,2.8949726890681817e-18,89.32952325687467
0.505,2.897176060310859e-18,89.39751218934698
0.50625,2.899381417134782e-18,89.46556239045468
0.5075000000000001,2.901588758052764e-18,89.53367381430792
0.50875,2.9037980815780758e-18,89.60184641503109
0.51,2.906009386224456e-18,89.67008014676291
0.51125,2.9082226705061154e-18,89.73837496365675
0.5125,2.9104379329377476e-18,89.80673081988083
0.51375,2.9126551720345358e-18,89.87514766961849
0.515,2.9148743863121658e-18,89.94362546706857
0.51625,2.9170955742868245e-18,90.01216416644539
0.5175,2.91931873447522e-18,90.08076372197935
0.51875,2.9215438653945798e-18,90.14942408791687
0.52,2.9237709655626636e-18,90.21814521852079
0.52125,2.9260000334977705e-18,90.2869270680706
0.5225,2.928231067718747e-18,90.35576959086266
0.52375,2.9304640667449933e-18,90.42467274121047
0.525,2.9326990290964734e-18,90.49363647344487
0.52625,2.9349359532937216e-18,90.56266074191431
0.5275,2.9371748378578496e-18,90.63174550098508
0.52875,2.939415681310557e-18,90.70089070504159
0.53,2.9416584821741353e-18,90.77009630848652
0.53125,2.9439032389714766e-18,90.83936226574109
0.5325,2.946149950226083e-18,90.90868853124532
0.5337500000000001,2.9483986144620726e-18,90.97807505945826
0.535,2.9506492302041867e-18,91.04752180485819
0.53625,2.952901795977796e-18,91.1170287219428
0.5375,2.955156310308912e-18,91.18659576522955
0.5387500000000001,2.9574127717241898e-18,91.25622288925578
0.54,2.9596711787509377e-18,91.32591004857898
0.54125,2.9619315299171254e-18,91.395657197777
0.5425,2.9641938237513868e-18,91.46546429144827
0.5437500000000001,2.9664580587830328e-18,91.53533128421205
0.545,2.968724233542053e-18,91.60525813070855
0.54625,2.9709923465591283e-18,91.67524478559933
0.5475,2.973262396365631e-18,91.74529120356728
0.54875,2.9755343814936396e-18,91.81539733931704
0.55,2.9778083004759382e-18,91.88556314757511
0.55125,2.980084151846028e-18,91.95578858309004
0.5525,2.982361934138133e-18,92.0260736006327
0.55375,2.984641645887207e-18,92.0964181549965
0.555,2.986923285628938e-18,92.16682220099749
0.55625,2.9892068518997578e-18,92.23728569347467
0.5575,2.991492343236848e-18,92.3078085872902
0.55875,2.9937797581781446e-18,92.37839083732948
0.56,2.9960690952623475e-18,92.44903239850149
0.56125,2.9983603530289235e-18,92.5197332257389
0.5625,3.000653530018116e-18,92.59049327399833
0.56375,3.0029486247709487e-18,92.66131249826049
0.5650000000000001,3.005245635829235e-18,92.7321908535304
0.56625,3.0075445617355817e-18,92.80312829483763
0.5675,3.0098454010333936e-18,92.87412477723636
0.56875,3.0121481522668868e-18,92.94518025580578
0.5700000000000001,3.0144528139810864e-18,93.01629468565005
0.57125,3.016759384721837e-18,93.08746802189863
0.5725,3.0190678630358097e-18,93.15870021970647
0.57375,3.021378247470505e-18,93.22999123425413
0.5750000000000001,3.0236905365742624e-18,93.30134102074804
0.57625,3.0260047288962605e-18,93.37274953442054
0.5775,3.0283208229865316e-18,93.44421673053027
0.57875,3.0306388173959588e-18,93.51574256436218
0.58,3.032958710676288e-18,93.58732699122784
0.58125,3.0352805013801305e-18,93.65896996646545
0.5825,3.0376041880609688e-18,93.73067144544018
0.58375,3.0399297692731654e-18,93.8024313835443
0.585,3.0422572435719635e-18,93.8742497361973
0.58625,3.0445866095134973e-18,93.9461264588461
0.5875,3.0469178656547942e-18,94.01806150696524
0.58875,3.0492510105537838e-18,94.09005483605706
0.59,3.0515860427692976e-18,94.16210640165178
0.59125,3.0539229608610825e-18,94.2342161593078
0.5925,3.056261763389798e-18,94.30638406461172
0.59375,3.058602448917028e-18,94.37861007317868
0.595,3.0609450160052825e-18,94.45089414065234
0.5962500000000001,3.0632894632180043e-18,94.5232362227052
0.5975,3.0656357891195733e-18,94.59563627503864
0.59875,3.0679839922753117e-18,94.66809425338313
0.6,3.070334071251493e-18,94.74061011349849
0.6012500000000001,3.0726860246153396e-18,94.81318381117384
0.6025,3.075039850935035e-18,94.88581530222793
0.60375,3.0773955487797254e-18,94.95850454250922
0.605,3.0797531167195246e-18,95.03125148789603
0.6062500000000001,3.082112553325521e-18,95.10405609429677
0.6075,3.0844738571697797e-18,95.17691831764995
0.60875,3.0868370268253526e-18,95.24983811392457
0.61,3.089202060866273e-18,95.32281543911988
0.61125,3.091568957867574e-18,95.39585024926602
0.6125,3.093937716405283e-18,95.46894250042378
0.61375,3.0963083350564296e-18,95.54209214868486
0.615,3.0986808123990514e-18,95.61529915017209
0.61625,3.1010551470121973e-18,95.68856346103952
0.6175,3.1034313374759347e-18,95.76188503747261
0.61875,3.1058093823713473e-18,95.83526383568815
0.62,3.1081892802805503e-18,95.90869981193481
0.62125,3.1105710297866846e-18,95.98219292249289
0.6225,3.1129546294739283e-18,96.05574312367466
0.62375,3.115340077927497e-18,96.12935037182446
0.625,3.11772737373365e-18,96.20301462331881
0.62625,3.1201165154796955e-18,96.27673583456658
0.6275000000000001,3.1225075017539936e-18,96.35051396200915
0.62875,3.124900331145961e-18,96.42434896212042
0.63,3.127295002246074e-18,96.49824079140704
0.63125,3.1296915136458757e-18,96.57218940640861
0.6325000000000001,3.1320898639379774e-18,96.64619476369764
0.63375,3.1344900517160647e-18,96.72025681987976
0.635,3.1368920755749e-18,96.79437553159391
0.63625,3.1392959341103277e-18,96.86855085551238
0.6375000000000001,3.1417016259192785e-18,96.94278274834095
0.63875,3.1441091495997715e-18,97.01707116681902
0.64,3.1465185037509215e-18,97.09141606771979
0.64125,3.148929686972939e-18,97.16581740785027
0.6425,3.151342697867139e-18,97.24027514405154
0.64375,3.153757535035939e-18,97.31478923319872
0.645,3.1561741970828677e-18,97.3893596322012
0.64625,3.1585926826125667e-18,97.46398629800274
0.6475,3.161012990230795e-18,97.53866918758153
0.64875,3.163435118544432e-18,97.6134082579504
0.65,3.1658590661614812e-18,97.68820346615678
0.65125,3.1682848316910766e-18,97.76305476928304
0.6525,3.1707124137434808e-18,97.83796212444639
0.65375,3.1731418109300953e-18,97.91292548879913
0.655,3.1755730218634587e-18,97.98794481952869
0.65625,3.178006045157252e-18,98.06302007385774
0.6575,3.180440879426305e-18,98.13815120904438
0.6587500000000001,3.182877523286595e-18,98.21333818238213
0.66,3.1853159753552525e-18,98.2885809512001
0.66125,3.1877562342505652e-18,98.36387947286312
0.6625,3.1901982985919827e-18,98.43923370477184
0.6637500000000001,3.192642167000116e-18,98.51464360436275
0.665,3.195087838096742e-18,98.59010912910836
0.66625,3.1975353105048105e-18,98.66563023651732
0.6675,3.1999845828484423e-18,98.74120688413443
0.6687500000000001,3.2024356537529382e-18,98.81683902954092
0.67,3.2048885218447734e-18,98.89252663035423
0.67125,3.2073431857516118e-18,98.9682696442285
0.6725,3.2097996441022996e-18,99.04406802885435
0.67375,3.212257895526876e-18,99.11992174195919
0.675,3.214717938656568e-18,99.19583074130712
0.67625,3.2171797721238024e-18,99.27179498469923
0.6775,3.2196433945622028e-18,99.34781442997354
0.67875,3.222108804606593e-18,99.42388903500512
0.68,3.2245760008930055e-18,99.50001875770634
0.68125,3.227044982058676e-18,99.57620355602667
0.6825,3.2295157467420523e-18,99.65244338795303
0.68375,3.231988293582796e-18,99.72873821150972
0.685,3.234462621221785e-18,99.80508798475866
0.68625,3.236938728301115e-18,99.88149266579926
0.6875,3.2394166134641045e-18,99.95795221276873
0.68875,3.2418962753552968e-18,100.03446658384203
0.6900000000000001,3.244377712620462e-18,100.111035737232
0.69125,3.2468609239066e-18,100.18765963118943
0.6925,3.2493459078619445e-18,100.26433822400315
0.69375,3.2518326631359643e-18,100.34107147400015
0.6950000000000001,3.254321188379366e-18,100.41785933954554
0.69625,3.256811482244097e-18,100.4947017790428
0.6975,3.2593035433833472e-18,100.5715987509337
0.69875,3.2617973704515545e-18,100.64855021369854
0.7000000000000001,3.264292962104403e-18,100.72555612585604
0.70125,3.2667903169988287e-18,100.80261644596362
0.7025,3.2692894337930206e-18,100.87973113261728
0.70375,3.2717903111464233e-18,100.95690014445184
0.705,3.274292947719741e-18,101.0341234401409
0.70625,3.276797342174936e-18,101.11140097839696
0.7075,3.2793034931752355e-18,101.18873271797153
0.70875,3.2818113993851313e-18,101.26611861765511
0.71,3.284321059470383e-18,101.34355863627735
0.71125,3.2868324720980206e-18,101.42105273270711
0.7125,3.2893456359363433e-18,101.49860086585238
0.71375,3.2918605496549304e-18,101.57620299466068
0.715,3.2943772119246315e-18,101.6538590781187
0.71625,3.29689562141758e-18,101.73156907525276
0.7175,3.2994157768071868e-18,101.8093329451286
0.71875,3.301937676768148e-18,101.88715064685162
0.72,3.3044613199764436e-18,101.96502213956683
0.7212500000000001,3.3069867051093414e-18,102.04294738245898
0.7225,3.3095138308453994e-18,102.12092633475261
0.72375,3.3120426958644632e-18,102.19895895571204
0.725,3.3145732988476782e-18,102.27704520464167
0.7262500000000001,3.317105638477478e-18,102.35518504088562
0.7275,3.3196397134375992e-18,102.43337842382826
0.72875,3.322175522413075e-18,102.51162531289397
0.73,3.32471306409024e-18,102.58992566754725
0.7312500000000001,3.327252337156732e-18,102.66827944729283
0.7325,3.3297933403014925e-18,102.7466866116757
0.73375,3.332336072214773e-18,102.82514712028122
0.735,3.3348805315881286e-18,102.90366093273501
0.73625,3.33742671711443e-18,102.98222800870327
0.7375,3.339974627487856e-18,103.06084830789257
0.73875,3.3425242614039014e-18,103.13952179005008
0.74,3.345075617559376e-18,103.21824841496357
0.74125,3.3476286946524057e-18,103.29702814246137
0.7425,3.3501834913824377e-18,103.37586093241265
0.74375,3.3527400064502368e-18,103.45474674472717
0.745,3.3552982385578933e-18,103.53368553935564
0.74625,3.357858186408818e-18,103.6126772762895
0.7475,3.3604198487077506e-18,103.69172191556117
0.74875,3.3629832241607546e-18,103.77081941724397
0.75,3.3655483114752234e-18,103.84996974145221
0.75125,3.36811510935988e-18,103.92917284834125
0.7525000000000001,3.37068361652478e-18,104.00842869810758
0.75375,3.3732538316813115e-18,104.08773725098877
0.755,3.3758257535421945e-18,104.16709846726351
0.75625,3.3783993808214897e-18,104.24651230725186
0.7575000000000001,3.380974712234591e-18,104.32597873131503
0.75875,3.3835517464982325e-18,104.40549769985557
0.76,3.3861304823304885e-18,104.48506917331738
0.76125,3.3887109184507743e-18,104.56469311218575
0.7625000000000001,3.3912930535798485e-18,104.6443694769874
0.76375,3.3938768864398117e-18,104.72409822829049
0.765,3.396462415754113e-18,104.80387932670477
0.76625,3.3990496402475442e-18,104.88371273288143
0.7675000000000001,3.4016385586462494e-18,104.96359840751339
0.76875,3.404229169677717e-18,105.04353631133502
0.77,3.406821472070789e-18,105.1235264051225
0.77125,3.409415464555657e-18,105.20356864969365
0.7725,3.4120111458638666e-18,105.28366300590804
0.77375,3.414608514728316e-18,105.36380943466699
0.775,3.4172075698832563e-18,105.44400789691358
0.77625,3.419808310064299e-18,105.52425835363286
0.7775,3.4224107340084087e-18,105.60456076585162
0.77875,3.425014840453911e-18,105.68491509463865
0.78,3.4276206281404868e-18,105.76532130110458
0.78125,3.430228095809181e-18,105.84577934640211
0.7825,3.4328372422023964e-18,105.92628919172584
0.7837500000000001,3.435448066063901e-18,106.00685079831253
0.785,3.438060566138823e-18,106.08746412744084
0.78625,3.4406747411736558e-18,106.16812914043162
0.7875,3.443290589916258e-18,106.24884579864782
0.7887500000000001,3.445908111115853e-18,106.3296140634945
0.79,3.448527303523032e-18,106.41043389641895
0.79125,3.4511481658897533e-18,106.49130525891061
0.7925,3.4537706969693434e-18,106.57222811250116
0.7937500000000001,3.4563948955164987e-18,106.65320241876456
0.795,3.4590207602872837e-18,106.73422813931695
0.79625,3.4616482900391376e-18,106.81530523581692
0.7975,3.464277483530866e-18,106.89643366996522
0.7987500000000001,3.466908339522653e-18,106.9776134035051
0.8,3.46954085677605e-18,107.05884439822208
0.80125,3.4721750340539865e-18,107.1401266159441
0.8025,3.474810870120764e-18,107.2214600185415
0.80375,3.477448363742061e-18,107.30284456792715
0.805,3.4800875136849306e-18,107.38428022605622
0.80625,3.482728318717803e-18,107.46576695492647
0.8075,3.485370777610487e-18,107.54730471657813
0.80875,3.488014889134166e-18,107.62889347309392
0.81,3.490660652061405e-18,107.71053318659916
0.81125,3.4933080651661474e-18,107.79222381926165
0.8125,3.495957127223715e-18,107.8739653332918
0.81375,3.49860783701081e-18,107.95575769094259
0.8150000000000001,3.5012601933055156e-18,108.0376008545096
0.81625,3.5039141948872974e-18,108.11949478633106
0.8175,3.506569840537002e-18,108.20143944878785
0.81875,3.509227129036857e-18,108.28343480430343
0.8200000000000001,3.511886059170473e-18,108.36548081534394
0.82125,3.514546629722846e-18,108.44757744441827
0.8225,3.5172088394803546e-18,108.52972465407798
0.82375,3.5198726872307575e-18,108.61192240691723
0.8250000000000001,3.522538171763205e-18,108.69417066557308
0.82625,3.525205291868226e-18,108.77646939272516
0.8275,3.527874046337738e-18,108.85881855109595
0.82875,3.530544433965043e-18,108.94121810345061
0.8300000000000001,3.533216453544828e-18,109.0236680125971
0.83125,3.535890103873168e-18,109.10616824138616
0.8325,3.538565383747524e-18,109.18871875271131
0.83375,3.541242291966744e-18,109.27131950950887
0.835,3.543920827331061e-18,109.35397047475793
0.83625,3.5466009886421e-18,109.43667161148046
0.8375,3.549282774702867e-18,109.51942288274111
0.83875,3.551966184317763e-18,109.60222425164754
0.84,3.5546512162925724e-18,109.68507568135011
0.84125,3.557337869434471e-18,109.7679771350421
0.8425,3.56002614255202e-18,109.85092857595957
0.84375,3.562716034455171e-18,109.93392996738147
0.845,3.565407543955266e-18,110.01698127262961
0.8462500000000001,3.5681006698650336e-18,110.10008245506864
0.8475,3.570795410998592e-18,110.18323347810608
0.84875,3.57349176617145e-18,110.26643430519233
0.85,3.576189734200505e-18,110.3496848998207
0.8512500000000001,3.578889313904044e-18,110.43298522552729
0.8525,3.581590504101744e-18,110.51633524589117
0.85375,3.584293303614672e-18,110.59973492453423
0.855,3.586997711265282e-18,110.68318422512124
0.8562500000000001,3.589703725877423e-18,110.76668311135995
0.8575,3.592411346276327e-18,110.85023154700083
0.85875,3.595120571288624e-18,110.93382949583743
0.86,3.597831399742325e-18,111.01747692170598
0.8612500000000001,3.60054383046684e-18,111.10117378848581
0.8625,3.603257862292961e-18,111.18492006009897
0.86375,3.605973494052875e-18,111.26871570051051
0.865,3.6086907245801554e-18,111.35256067372823
0.86625,3.611409552709767e-18,111.43645494380294
0.8675,3.614129977278065e-18,111.52039847482828
0.86875,3.616851997122791e-18,111.60439123094073
0.87,3.619575611083079e-18,111.68843317631973
0.87125,3.622300817999453e-18,111.77252427518752
0.8725,3.625027616713822e-18,111.85666449180921
0.87375,3.627756006069489e-18,111.94085379049281
0.875,3.6304859849111416e-18,112.02509213558915
0.87625,3.6332175520848594e-18,112.10937949149194
0.8775000000000001,3.6359507064381104e-18,112.19371582263776
0.87875,3.638685446819748e-18,112.27810109350594
0.88,3.641421772080015e-18,112.3625352686187
0.88125,3.644159681070547e-18,112.44701831254118
0.8825000000000001,3.646899172644359e-18,112.53155018988114
0.88375,3.649640245655862e-18,112.61613086528939
0.885,3.652382898960847e-18,112.70076030345935
0.88625,3.655127131416496e-18,112.78543846912731
0.8875000000000001,3.657872941881379e-18,112.87016532707246
0.88875,3.660620329215449e-18,112.9549408421166
0.89,3.663369292280049e-18,113.03976497912443
0.89125,3.666119829937902e-18,113.12463770300327
0.8925000000000001,3.668871941053124e-18,113.20955897870341
0.89375,3.671625624491212e-18,113.29452877121774
0.895,3.674380879119049e-18,113.3795470455819
0.89625,3.677137703804901e-18,113.46461376687425
0.8975,3.679896097418421e-18,113.54972890021594
0.89875,3.682656058830645e-18,113.63489241077075
0.9,3.685417586913991e-18,113.72010426374514
0.90125,3.6881806805422625e-18,113.80536442438833
0.9025,3.690945338590643e-18,113.8906728579921
0.90375,3.693711559935702e-18,113.97602952989102
0.905,3.696479343455388e-18,114.06143440546218
0.90625,3.699248688029032e-18,114.14688745012535
0.9075,3.702019592537345e-18,114.23238862934292
0.9087500000000001,3.704792055862422e-18,114.31793790861988
0.91,3.707566076887735e-18,114.40353525350382
0.91125,3.710341654498133e-18,114.48918062958478
0.9125,3.713118787579854e-18,114.57487400249562
0.9137500000000001,3.715897475020504e-18,114.66061533791147
0.915,3.718677715709073e-18,114.74640460155014
0.91625,3.7214595085359275e-18,114.83224175917192
0.9175,3.724242852392811e-18,114.91812677657961
0.9187500000000001,3.727027746172845e-18,115.00405961961846
0.92,3.729814188770524e-18,115.09004025417617
0.92125,3.732602179081724e-18,115.17606864618301
0.9225,3.735391716003687e-18,115.26214476161145
0.9237500000000001,3.738182798435039e-18,115.34826856647662
0.925,3.740975425275773e-18,115.43444002683586
0.92625,3.743769595427259e-18,115.52065910878899
0.9275,3.74656530779224e-18,115.60692577847817
0.92875,3.749362561274827e-18,115.69324000208786
0.93,3.752161354780508e-18,115.7796017458449
0.93125,3.75496168721614e-18,115.86601097601843
0.9325,3.7577635574899474e-18,115.95246765891977
0.93375,3.7605669645115266e-18,116.0389717609026
0.935,3.763371907191845e-18,116.12552324836287
0.93625,3.766178384443235e-18,116.21212208773865
0.9375,3.768986395179397e-18,116.29876824551027
0.93875,3.771795938315402e-18,116.38546168820031
0.9400000000000001,3.774607012767682e-18,116.47220238237334
0.94125,3.77741961745404e-18,116.55899029463629
0.9425,3.78023375129364e-18,116.64582539163796
0.94375,3.783049413207011e-18,116.73270764006946
0.9450000000000001,3.785866602116049e-18,116.8196370066639
0.94625,3.788685316944008e-18,116.9066134581964
0.9475,3.791505556615507e-18,116.99363696148417
0.94875,3.794327320056524e-18,117.08070748338635
0.9500000000000001,3.7971506061944024e-18,117.16782499080422
0.95125,3.799975413957838e-18,117.25498945068078
0.9525,3.802801742276893e-18,117.3422008300012
0.95375,3.8056295900829845e-18,117.42945909579247
0.9550000000000001,3.808458956308888e-18,117.51676421512346
0.95625,3.811289839888734e-18,117.60411615510489
0.9575,3.8141222397580115e-18,117.69151488288938
0.95875,3.816956154853563e-18,117.77896036567131
0.96,3.819791584113587e-18,117.86645257068692
0.96125,3.822628526477634e-18,117.95399146521414
0.9625,3.825466980886606e-18,118.04157701657265
0.96375,3.828306946282763e-18,118.12920919212397
0.965,3.831148421609707e-18,118.21688795927109
0.96625,3.833991405812399e-18,118.30461328545891
0.9675,3.836835897837144e-18,118.39238513817375
0.96875,3.839681896631596e-18,118.48020348494369
0.97,3.842529401144759e-18,118.56806829333831
0.9712500000000001,3.845378410326982e-18,118.6559795309688
0.9725,3.8482289231299635e-18,118.74393716548794
0.97375,3.85108093850674e-18,118.83194116458981
0.975,3.853934455411697e-18,118.91999149601016
0.9762500000000001,3.856789472800565e-18,119.00808812752612
0.9775,3.8596459896304116e-18,119.09623102695623
0.97875,3.862504004859649e-18,119.18442016216042
0.98,3.865363517448032e-18,119.27265550104008
0.9812500000000001,3.8682245263566505e-18,119.36093701153779
0.9825,3.871087030547934e-18,119.44926466163747
0.98375,3.8739510289856536e-18,119.53763841936444
0.985,3.876816520634912e-18,119.62605825278513
0.9862500000000001,3.879683504462153e-18,119.71452413000728
0.9875,3.882551979435151e-18,119.80303601917977
0.98875,3.885421944523015e-18,119.89159388849262
0.99,3.888293398696189e-18,119.98019770617705
0.9912500000000001,3.891166340926447e-18,120.06884744050532
0.9925,3.894040770186896e-18,120.15754305979081
0.99375,3.89691668545197e-18,120.24628453238789
0.995,3.899794085697436e-18,120.335071826692
0.99625,3.9026729699003844e-18,120.42390491113949
0.9975,3.905553337039239e-18,120.51278375420776
0.99875,3.908435186093741e-18,120.60170832441496
1.0,3.911318516044965e-18,120.6906785903203
1.00125,3.9142033258753034e-18,120.77969452052372
1.0025,3.917089614568476e-18,120.86875608366606
1.00375,3.919977381109522e-18,120.95786324842894
1.0050000000000001,3.922866624484801e-18,121.04701598353464
1.00625,3.925757343681996e-18,121.13621425774635
1.0075,3.928649537690104e-18,121.22545803986776
1.00875,3.9315432054994414e-18,121.31474729874333
1.01,3.934438346101643e-18,121.40408200325813
1.01125,3.937334958489659e-18,121.49346212233783
1.0125,3.940233041657753e-18,121.58288762494868
1.01375,3.943132594601502e-18,121.67235848009743
1.0150000000000001,3.946033616317796e-18,121.7618746568313
1.01625,3.948936105804834e-18,121.85143612423798
1.0175,3.9518400620621285e-18,121.94104285144563
1.01875,3.954745484090501e-18,122.03069480762282
1.02,3.957652370892079e-18,122.12039196197847
1.02125,3.9605607214702975e-18,122.21013428376172
1.0225,3.963470534829896e-18,122.2999217422621
1.02375,3.9663818099769236e-18,122.38975430680945
1.025,3.969294545918727e-18,122.47963194677372
1.02625,3.9722087416639584e-18,122.5695546315651
1.0275,3.975124396222571e-18,122.65952233063393
1.02875,3.978041508605818e-18,122.7495350134707
1.03,3.9809600778262514e-18,122.83959264960592
1.03125,3.983880102897721e-18,122.9296952086102
1.0325,3.9868015828353735e-18,123.0198426600941
1.03375,3.9897245166556525e-18,123.11003497370828
1.035,3.992648903376294e-18,123.20027211914322
1.0362500000000001,3.995574742016327e-18,123.29055406612933
1.0375,3.998502031596076e-18,123.38088078443698
1.03875,4.001430771137152e-18,123.47125224387624
1.04,4.004360959662458e-18,123.56166841429703
1.04125,4.007292596196184e-18,123.65212926558902
1.0425,4.0102256797638146e-18,123.7426347676818
1.04375,4.013160209392109e-18,123.83318489054432
1.045,4.016096184109118e-18,123.92377960418533
1.0462500000000001,4.019033602944179e-18,124.0144188786533
1.0475,4.0219724649279046e-18,124.10510268403608
1.04875,4.024912769092194e-18,124.19583099046122
1.05,4.027854514470225e-18,124.28660376809569
1.05125,4.030797700096455e-18,124.37742098714594
1.0525,4.03374232500662e-18,124.46828261785791
1.05375,4.036688388237729e-18,124.5591886305168
1.055,4.039635888828068e-18,124.65013899544722
1.05625,4.042584825817203e-18,124.74113368301327
1.0575,4.045535198245964e-18,124.83217266361804
1.05875,4.0484870051564554e-18,124.92325590770399
1.06,4.051440245592055e-18,125.01438338575282
1.06125,4.054394918597408e-18,125.10555506828537
1.0625,4.057351023218425e-18,125.19677092586153
1.06375,4.060308558502287e-18,125.28803092908036
1.065,4.0632675234974395e-18,125.37933504857996
1.06625,4.066227917253592e-18,125.47068325503743
1.0675000000000001,4.069189738821714e-18,125.56207551916873
1.06875,4.072152987254042e-18,125.65351181172898
1.07,4.07511766160407e-18,125.74499210351202
1.07125,4.078083760926547e-18,125.83651636535045
1.0725,4.081051284277489e-18,125.92808456811599
1.07375,4.084020230714162e-18,126.0196966827189
1.075,4.0869905992950884e-18,126.11135268010821
1.07625,4.089962389080046e-18,126.2030525312717
1.0775000000000001,4.092935599130064e-18,126.29479620723575
1.07875,4.095910228507423e-18,126.38658367906538
1.08,4.098886276275653e-18,126.47841491786413
1.08125,4.101863741499537e-18,126.57028989477422
1.0825,4.104842623245101e-18,126.66220858097623
1.08375,4.1078229205796205e-18,126.75417094768927
1.085,4.110804632571611e-18,126.84617696617076
1.08625,4.113787758290838e-18,126.93822660771666
1.0875000000000001,4.116772296808306e-18,127.03031984366115
1.08875,4.119758247196259e-18,127.12245664537667
1.09,4.1227456085281836e-18,127.21463698427401
1.09125,4.125734379878805e-18,127.30686083180217
1.0925,4.128724560324083e-18,127.39912815944825
1.09375,4.131716148941214e-18,127.49143893873749
1.095,4.134709144808629e-18,127.58379314123329
1.09625,4.137703547005994e-18,127.67619073853707
1.0975,4.1406993546142056e-18,127.76863170228826
1.0987500000000001,4.143696566715386e-18,127.86111600416413
1.1,4.1466951823928964e-18,127.95364361588015
1.10125,4.149695200731317e-18,128.04621450918944
1.1025,4.152696620816458e-18,128.138828655883
1.10375,4.155699441735353e-18,128.23148602778969
1.105,4.1587036625762645e-18,128.32418659677617
1.10625,4.161709282428672e-18,128.41693033474678
1.1075,4.164716300383275e-18,128.50971721364337
1.1087500000000001,4.167724715532e-18,128.60254720544577
1.11,4.170734526967983e-18,128.69542028217109
1.11125,4.173745733785583e-18,128.78833641587408
1.1125,4.176758335080372e-18,128.8812955786471
1.11375,4.17977232994914e-18,128.97429774262
1.115,4.182787717489884e-18,129.06734287995982
1.11625,4.185804496801815e-18,129.16043096287115
1.1175,4.188822666985356e-18,129.25356196359593
1.1187500000000001,4.19184222714214e-18,129.34673585441345
1.12,4.194863176375e-18,129.43995260764004
1.12125,4.197885513787982e-18,129.53321219562946
1.1225,4.200909238486336e-18,129.62651459077256
1.12375,4.203934349576513e-18,129.7198597654974
1.125,4.206960846166167e-18,129.81324769226893
1.12625,4.209988727364151e-18,129.90667834358933
1.1275,4.213017992280522e-18,130.00015169199776
1.12875,4.21604864002653e-18,130.0936677100703
1.1300000000000001,4.21908066971462e-18,130.18722637041986
1.13125,4.2221140804584376e-18,130.2808276456964
1.1325,4.22514887137282e-18,130.37447150858662
1.13375,4.228185041573793e-18,130.46815793181398
1.135,4.231222590178578e-18,130.56188688813873
1.13625,4.234261516305585e-18,130.65565835035787
1.1375,4.237301819074409e-18,130.74947229130493
1.13875,4.240343497605834e-18,130.84332868385016
1.1400000000000001,4.24338655102183e-18,130.93722750090035
1.14125,4.2464309784455485e-18,131.0311687153988
1.1425,4.249476779001325e-18,131.1251523003253
1.14375,4.252523951814675e-18,131.21917822869617
1.145,4.255572496012297e-18,131.31324647356405
1.14625,4.2586224107220626e-18,131.4073570080179
1.1475,4.261673695073022e-18,131.50150980518302
1.14875,4.264726348195403e-18,131.59570483822102
1.1500000000000001,4.267780369220608e-18,131.68994208032979
1.15125,4.270835757281206e-18,131.78422150474321
1.1525,4.273892511510942e-18,131.8785430847315
1.15375,4.276950631044732e-18,131.97290679360086
1.155,4.280010115018656e-18,132.06731260469354
1.15625,4.283070962569962e-18,132.1617604913878
1.1575,4.286133172837068e-18,132.25625042709802
1.15875,4.28919674495955e-18,132.35078238527427
1.16,4.2922616780781504e-18,132.44535633940265
1.1612500000000001,4.2953279713347715e-18,132.53997226300498
1.1625,4.298395623872476e-18,132.634630129639
1.16375,4.301464634835484e-18,132.72932991289804
1.165,4.304535003369172e-18,132.8240715864112
1.16625,4.307606728620074e-18,132.9188551238433
1.1675,4.31067980973588e-18,133.0136804988948
1.16875,4.313754245865428e-18,133.1085476853015
1.17,4.316830036158708e-18,133.20345665683493
1.1712500000000001,4.319907179766863e-18,133.29840738730206
1.1725,4.3229856758421804e-18,133.39339985054522
1.17375,4.326065523538098e-18,133.48843402044224
1.175,4.329146722009197e-18,133.5835098709062
1.17625,4.332229270411205e-18,133.67862737588558
1.1775,4.3353131679009896e-18,133.77378650936402
1.17875,4.338398413636559e-18,133.86898724536042
1.18,4.341485006777064e-18,133.96422955792883
1.1812500000000001,4.344572946482795e-18,134.05951342115853
1.1825,4.347662231915173e-18,134.1548388091737
1.18375,4.350752862236759e-18,134.25020569613366
1.185,4.353844836611249e-18,134.34561405623276
1.18625,4.356938154203469e-18,134.44106386370024
1.1875,4.3600328141793764e-18,134.53655509280017
1.18875,4.363128815706059e-18,134.63208771783164
1.19,4.366226157951734e-18,134.72766171312853
1.19125,4.369324840085744e-18,134.82327705305931
1.1925000000000001,4.372424861278553e-18,134.91893371202733
1.19375,4.375526220701759e-18,135.01463166447067
1.195,4.3786289175280726e-18,135.11037088486185
1.19625,4.38173295093133e-18,135.20615134770816
1.1975,4.384838320086485e-18,135.30197302755136
1.19875,4.3879450241696134e-18,135.3978358989677
1.2,4.391053062357904e-18,135.49373993656798
1.20125,4.394162433829661e-18,135.58968511499728
1.2025000000000001,4.3972731377643025e-18,135.6856714089351
1.20375,4.400385173342362e-18,135.7816987930953
1.205,4.403498539745479e-18,135.87776724222596
1.20625,4.4066132361564065e-18,135.97387673110947
1.2075,4.409729261759003e-18,136.07002723456233
1.20875,4.412846615738236e-18,136.16621872743525
1.21,4.415965297280173e-18,136.2624511846129
1.21125,4.419085305571992e-18,136.35872458101423
1.2125000000000001,4.42220663980197e-18,136.45503889159207
1.21375,4.425329299159481e-18,136.55139409133315
1.215,4.428453282835004e-18,136.6477901552582
1.21625,4.431578590020114e-18,136.7442270584219
1.2175,4.434705219907481e-18,136.84070477591257
1.21875,4.43783317169087e-18,136.93722328285247
1.22,4.440962444565141e-18,137.03378255439756
1.22125,4.444093037726247e-18,137.13038256573748
1.2225,4.447224950371228e-18,137.22702329209557
1.2237500000000001,4.450358181698213e-18,137.3237047087286
1.225,4.453492730906424e-18,137.4204267909272
1.22625,4.456628597196165e-18,137.51718951401526
1.2275,4.459765779768823e-18,137.61399285335023
1.22875,4.462904277826872e-18,137.710836784323
1.23,4.4660440905738676e-18,137.80772128235785
1.23125,4.4691852172144446e-18,137.90464632291238
1.2325,4.4723276569543135e-18,138.00161188147737
1.2337500000000001,4.47547140900027e-18,138.09861793357715
1.235,4.478616472560178e-18,138.1956644547689
1.23625,4.4817628468429794e-18,138.2927514206431
1.2375,4.48491053105869e-18,138.38987880682342
1.23875,4.488059524418396e-18,138.48704658896654
1.24,4.4912098261342555e-18,138.58425474276214
1.24125,4.494361435419491e-18,138.68150324393284
1.2425,4.497514351488394e-18,138.77879206823422
1.2437500000000001,4.50066857355633e-18,138.87612119145498
1.245,4.503824100839714e-18,138.9734905894162
1.24625,4.506980932556035e-18,139.07090023797213
1.2475,4.51013906792384e-18,139.1683501130096
1.24875,4.513298506162735e-18,139.26584019044827
1.25,4.516459246493386e-18,139.36337044624034
1.25125,4.519621288137516e-18,139.46094085637068
1.2525,4.522784630317904e-18,139.55855139685679
1.25375,4.5259492722583816e-18,139.65620204374855
1.2550000000000001,4.529115213183834e-18,139.75389277312848
1.25625,4.532282452320198e-18,139.8516235611115
1.2575,4.535450988894459e-18,139.94939438384483
1.25875,4.538620822134651e-18,140.0472052175081
1.26,4.541791951269857e-18,140.1450560383133
1.26125,4.544964375530206e-18,140.24294682250468
1.2625,4.548138094146866e-18,140.34087754635857
1.26375,4.55131310635205e-18,140.43884818618355
1.2650000000000001,4.554489411379015e-18,140.5368587183204
1.26625,4.5576670084620554e-18,140.6349091191419
1.2675,4.560845896836499e-18,140.73299936505273
1.26875,4.564026075738722e-18,140.83112943248994
1.27,4.5672075444061244e-18,140.92929929792214
1.27125,4.570390302077148e-18,141.02750893785011
1.2725,4.573574347991259e-18,141.12575832880626
1.27375,4.576759681388963e-18,141.22404744735496
1.2750000000000001,4.579946301511791e-18,141.32237627009235
1.27625,4.583134207602301e-18,141.4207447736462
1.2775,4.586323398904078e-18,141.51915293467601
1.27875,4.589513874661736e-18,141.61760072987298
1.28,4.592705634120908e-18,141.7160881359598
1.28125,4.595898676528251e-18,141.81461512969068
1.2825,4.599093001131444e-18,141.91318168785148
1.28375,4.602288607179185e-18,142.01178778725938
1.285,4.605485493921189e-18,142.11043340476309
1.2862500000000001,4.608683660608185e-18,142.20911851724244
1.2875,4.6118831064919234e-18,142.3078431016089
1.28875,4.615083830825163e-18,142.40660713480503
1.29,4.618285832861675e-18,142.50541059380458
1.29125,4.621489111856245e-18,142.60425345561265
1.2925,4.6246936670646665e-18,142.70313569726542
1.29375,4.6278994977437385e-18,142.8020572958301
1.295,4.631106603151267e-18,142.901018228405
1.2962500000000001,4.6343149825460654e-18,143.0000184721195
1.2975,4.63752463518795e-18,143.09905800413387
1.29875,4.640735560337734e-18,143.19813680163924
1.3,4.64394775725724e-18,143.29725484185778
1.30125,4.647161225209284e-18,143.3964121020424
1.3025,4.6503759634576815e-18,143.49560855947684
1.30375,4.653591971267243e-18,143.5948441914755
1.305,4.656809247903775e-18,143.69411897538353
1.3062500000000001,4.660027792634081e-18,143.79343288857683
1.3075,4.663247604725947e-18,143.89278590846172
1.30875,4.666468683448159e-18,143.9921780124752
1.31,4.669691028070489e-18,144.0916091780848
1.31125,4.672914637863696e-18,144.19107938278856
1.3125,4.676139512099525e-18,144.29058860411482
1.31375,4.679365650050707e-18,144.39013681962246
1.315,4.682593050990958e-18,144.48972400690062
1.31625,4.685821714194973e-18,144.58935014356877
1.3175000000000001,4.689051638938429e-18,144.6890152072766
1.31875,4.692282824497981e-18,144.78871917570413
1.32,4.695515270151265e-18,144.88846202656137
1.32125,4.6987489751768895e-18,144.98824373758865
1.3225,4.701983938854439e-18,145.08806428655618
1.32375,4.705220160464475e-18,145.18792365126444
1.325,4.708457639288527e-18,145.28782180954374
1.32625,4.7116963746090934e-18,145.3877587392543
1.3275000000000001,4.714936365709649e-18,145.48773441828646
1.32875,4.718177611874631e-18,145.58774882456024
1.33,4.721420112389441e-18,145.6878019360255
1.33125,4.724663866540452e-18,145.78789373066192
1.3325,4.727908873614997e-18,145.888024186479
1.33375,4.731155132901372e-18,145.98819328151575
1.335,4.7344026436888294e-18,146.08840099384082
1.33625,4.7376514052675894e-18,146.18864730155272
1.3375000000000001,4.740901416928825e-18,146.28893218277932
1.33875,4.744152677964662e-18,146.3892556156779
1.34,4.7474051876681895e-18,146.48961757843549
1.34125,4.7506589453334435e-18,146.59001804926828
1.3425,4.753913950255418e-18,146.6904570064221
1.34375,4.757170201730051e-18,146.79093442817182
1.345,4.760427699054236e-18,146.8914502928219
1.34625,4.763686441525813e-18,146.9920045787059
1.3475,4.766946428443567e-18,147.09259726418657
1.3487500000000001,4.7702076591072284e-18,147.19322832765587
1.35,4.773470132817473e-18,147.29389774753494
1.35125,4.776733848875919e-18,147.39460550227398
1.3525,4.779998806585123e-18,147.49535157035203
1.35375,4.783265005248584e-18,147.59613593027743
1.355,4.78653244417074e-18,147.69695856058732
1.35625,4.789801122656962e-18,147.7978194398477
1.3575,4.793071040013559e-18,147.8987185466535
1.3587500000000001,4.796342195547775e-18,147.99965585962855
1.36,4.799614588567784e-18,148.10063135742524
1.36125,4.802888218382692e-18,148.20164501872486
1.3625,4.806163084302536e-18,148.30269682223738
1.36375,4.809439185638284e-18,148.40378674670148
1.365,4.812716521701824e-18,148.50491477088428
1.36625,4.815995091805975e-18,148.60608087358156
1.3675,4.819274895264478e-18,148.70728503361755
1.3687500000000001,4.822555931392002e-18,148.8085272298452
1.37,4.825838199504129e-18,148.90980744114555
1.37125,4.829121698917366e-18,149.01112564642818
1.3725,4.8324064289491415e-18,149.1124818246312
1.37375,4.835692388917797e-18,149.21387595472078
1.375,4.8389795781425886e-18,149.3153080156914
1.37625,4.842267995943692e-18,149.41677798656582
1.3775,4.8455576416421955e-18,149.51828584639503
1.37875,4.848848514560097e-18,149.6198315742581
1.3800000000000001,4.852140614020303e-18,149.72141514926204
1.38125,4.855433939346633e-18,149.82303655054218
1.3825,4.858728489863815e-18,149.9246957572618
1.38375,4.862024264897477e-18,150.0263927486119
1.385,4.865321263774161e-18,150.12812750381173
1.38625,4.8686194858213054e-18,150.22990000210828
1.3875,4.871918930367256e-18,150.33171022277642
1.38875,4.875219596741252e-18,150.43355814511864
1.3900000000000001,4.878521484273442e-18,150.5354437484655
1.39125,4.8818245922948655e-18,150.637367012175
1.3925,4.885128920137462e-18,150.73932791563297
1.39375,4.888434467134064e-18,150.8413264382528
1.395,4.891741232618402e-18,150.9433625594755
1.39625,4.895049215925097e-18,151.04543625876966
1.3975,4.898358416389658e-18,151.14754751563123
1.39875,4.90166883334849e-18,151.2496963095838
1.4000000000000001,4.904980466138886e-18,151.35188262017837
1.40125,4.908293314099019e-18,151.4541064269931
1.4025,4.911607376567956e-18,151.5563677096337
1.40375,4.9149226528856474e-18,151.6586664477332
1.405,4.9182391423929224e-18,151.76100262095167
1.40625,4.921556844431496e-18,151.86337620897663
1.4075,4.924875758343962e-18,151.9657871915226
1.40875,4.928195883473797e-18,152.06823554833136
1.41,4.931517219165349e-18,152.17072125917167
1.4112500000000001,4.934839764763847e-18,152.27324430383936
1.4125,4.938163519615396e-18,152.37580466215732
1.41375,4.941488483066971e-18,152.47840231397535
1.415,4.94481465446642e-18,152.58103723917014
1.41625,4.948142033162467e-18,152.68370941764536
1.4175,4.951470618504702e-18,152.78641882933152
1.41875,4.954800409843582e-18,152.8891654541858
1.42,4.9581314065304335e-18,152.9919492721922
1.4212500000000001,4.96146360791745e-18,153.0947702633615
1.4225,4.9647970133576876e-18,153.19762840773112
1.42375,4.9681316222050634e-18,153.30052368536502
1.425,4.9714674338143595e-18,153.40345607635385
1.42625,4.97480444754122e-18,153.50642556081488
1.4275,4.978142662742143e-18,153.6094321188917
1.42875,4.981482078774488e-18,153.7124757307545
1.43,4.984822694996471e-18,153.8155563765999
1.4312500000000001,4.988164510767164e-18,153.9186740366509
1.4325,4.991507525446485e-18,154.02182869115668
1.43375,4.994851738395217e-18,154.12502032039305
1.435,4.998197148974987e-18,154.22824890466183
1.43625,5.001543756548271e-18,154.33151442429116
1.4375,5.0048915604783955e-18,154.4348168596353
1.43875,5.008240560129536e-18,154.53815619107476
1.44,5.011590754866713e-18,154.64153239901614
1.44125,5.01494214405579e-18,154.744945463892
1.4425000000000001,5.018294727063471e-18,154.84839536616093
1.44375,5.021648503257312e-18,154.95188208630765
1.445,5.0250034720057004e-18,155.05540560484272
1.44625,5.028359632677866e-18,155.15896590230258
1.4475,5.0317169846438766e-18,155.26256295924952
1.44875,5.035075527274641e-18,155.36619675627185
1.45,5.038435259941894e-18,155.4698672739833
1.45125,5.041796182018212e-18,155.57357449302367
1.4525000000000001,5.045158292877006e-18,155.67731839405835
1.45375,5.048521591892512e-18,155.7810989577783
1.455,5.051886078439797e-18,155.8849161649002
1.45625,5.055251751894764e-18,155.98876999616633
1.4575,5.058618611634139e-18,156.09266043234447
1.45875,5.0619866570354745e-18,156.19658745422794
1.46,5.0653558874771454e-18,156.30055104263536
1.46125,5.068726302338356e-18,156.404551178411
1.4625000000000001,5.072097900999132e-18,156.50858784242442
1.46375,5.075470682840316e-18,156.61266101557044
1.465,5.078844647243574e-18,156.71677067876928
1.46625,5.0822197935913934e-18,156.82091681296646
1.4675,5.085596121267074e-18,156.92509939913262
1.46875,5.088973629654732e-18,157.02931841826359
1.47,5.0923523181393026e-18,157.1335738513804
1.47125,5.0957321861065336e-18,157.23786567952925
1.4725,5.099113232942983e-18,157.3421938837813
1.4737500000000001,5.102495458036018e-18,157.44655844523265
1.475,5.105878860773822e-18,157.55095934500463
1.47625,5.1092634405453835e-18,157.6553965642434
1.4775,5.112649196740494e-18,157.75987008411988
1.47875,5.116036128749758e-18,157.8643798858301
1.48,5.119424235964583e-18,157.96892595059484
1.48125,5.1228135177771775e-18,158.07350825965963
1.4825,5.126203973580553e-18,158.17812679429477
1.4837500000000001,5.129595602768523e-18,158.28278153579527
1.485,5.132988404735701e-18,158.38747246548087
1.48625,5.136382378877495e-18,158.49219956469585
1.4875,5.139777524590117e-18,158.59696281480916
1.48875,5.14317384127057e-18,158.70176219721438
1.49,5.146571328316653e-18,158.80659769332942
1.49125,5.149969985126957e-18,158.91146928459682
1.4925,5.1533698111008674e-18,159.01637695248348
1.4937500000000001,5.156770805638562e-18,159.12132067848086
1.495,5.160172968141001e-18,159.22630044410454
1.49625,5.16357629800994e-18,159.3313162308946
1.4975,5.166980794647922e-18,159.43636802041542
1.49875,5.170386457458272e-18,159.54145579425557
1.5,5.1737932858450984e-18,159.64657953402778
1.50125,5.1772012792133e-18,159.75173922136906
1.5025,5.1806104369685525e-18,159.85693483794057
1.5037500000000001,5.184020758517314e-18,159.9621663654275
1.5050000000000001,5.187432243266822e-18,160.06743378553904
1.50625,5.190844890625092e-18,160.17273708000855
1.5075,5.19425870000092e-18,160.2780762305933
1.50875,5.197673670803872e-18,160.3834512190745
1.51,5.201089802444294e-18,160.48886202725723
1.51125,5.204507094333307e-18,160.5943086369706
1.5125,5.207925545882798e-18,160.6997910300674
1.51375,5.211345156505429e-18,160.80530918842422
1.5150000000000001,5.214765925614632e-18,160.9108630939415
1.51625,5.218187852624608e-18,161.01645272854333
1.5175,5.221610936950322e-18,161.1220780741774
1.51875,5.225035178007511e-18,161.22773911281533
1.52,5.228460575212674e-18,161.33343582645205
1.52125,5.231887127983073e-18,161.43916819710623
1.5225,5.235314835736733e-18,161.54493620681995
1.52375,5.23874369789244e-18,161.65073983765888
1.5250000000000001,5.242173713869747e-18,161.75657907171217
1.52625,5.2456048830889525e-18,161.86245389109226
1.5275,5.249037204971125e-18,161.96836427793505
1.52875,5.252470678938084e-18,162.07431021439987
1.53,5.255905304412407e-18,162.18029168266924
1.53125,5.259341080817421e-18,162.28630866494893
1.5325,5.262778007577212e-18,162.39236114346807
1.53375,5.2662160841166155e-18,162.49844910047895
1.5350000000000001,5.269655309861215e-18,162.60457251825696
1.5362500000000001,5.273095684237346e-18,162.7107313791006
1.5375,5.276537206672093e-18,162.81692566533158
1.53875,5.279979876593285e-18,162.92315535929455
1.54,5.283423693429498e-18,163.0294204433572
1.54125,5.2868686566100525e-18,163.1357208999102
1.5425,5.290314765565015e-18,163.24205671136724
1.54375,5.29376201972519e-18,163.34842786016478
1.545,5.297210418522125e-18,163.45483432876222
1.5462500000000001,5.300659961388109e-18,163.56127609964184
1.5475,5.304110647756166e-18,163.66775315530856
1.54875,5.307562477060062e-18,163.7742654782902
1.55,5.311015448734295e-18,163.88081305113727
1.55125,5.314469562214101e-18,163.98739585642292
1.5525,5.317924816935452e-18,164.09401387674305
1.55375,5.321381212335045e-18,164.200667094716
1.555,5.324838747850318e-18,164.30735549298288
1.5562500000000001,5.328297422919435e-18,164.41407905420726
1.5575,5.3317572369812876e-18,164.52083776107514
1.55875,5.3352181894754974e-18,164.62763159629503
1.56,5.3386802798424185e-18,164.7344605425981
1.56125,5.34214350752312e-18,164.84132458273749
1.5625,5.345607871959402e-18,164.948223699489
1.56375,5.3490733725937886e-18,165.0551578756507
1.565,5.352540008869527e-18,165.16212709404303
1.5662500000000001,5.3560077802305815e-18,165.26913133750847
1.5675000000000001,5.3594766861216385e-18,165.37617058891183
1.56875,5.362946725988106e-18,165.48324483114024
1.57,5.366417899276105e-18,165.59035404710275
1.57125,5.369890205432473e-18,165.69749821973053
1.5725,5.373363643904769e-18,165.80467733197708
1.57375,5.376838214141264e-18,165.91189136681777
1.575,5.380313915590939e-18,166.01914030724998
1.57625,5.383790747703484e-18,166.12642413629285
1.5775000000000001,5.3872687099293135e-18,166.233742836988
1.57875,5.3907478017195386e-18,166.3410963923985
1.58,5.3942280225259805e-18,166.44848478560928
1.58125,5.397709371801174e-18,166.5559079997273
1.5825,5.401191848998357e-18,166.66336601788137
1.58375,5.4046754535714734e-18,166.77085882322183
1.585,5.408160184975167e-18,166.87838639892078
1.58625,5.4116460426647906e-18,166.9859487281722
1.5875000000000001,5.415133026096397e-18,167.09354579419158
1.58875,5.418621134726735e-18,167.20117758021598
1.59,5.422110368013258e-18,167.30884406950415
1.59125,5.4256007254141175e-18,167.4165452453364
1.5925,5.429092206388162e-18,167.52428109101453
1.59375,5.4325848103949344e-18,167.6320515898618
1.595,5.436078536894673e-18,167.73985672522284
1.59625,5.439573385348313e-18,167.84769648046392
1.5975000000000001,5.443069355217479e-18,167.95557083897245
1.5987500000000001,5.446566445964487e-18,168.0634797841573
1.6,5.450064657052348e-18,168.17142329944866
1.60125,5.4535639879447585e-18,168.27940136829798
1.6025,5.457064438106103e-18,168.38741397417786
1.60375,5.460566007001458e-18,168.4954611005823
1.605,5.464068694096581e-18,168.60354273102632
1.60625,5.467572498857918e-18,168.7116588490461
1.6075,5.4710774207525945e-18,168.81980943819892
1.6087500000000001,5.474583459248427e-18,168.92799448206327
1.61,5.478090613813904e-18,169.03621396423847
1.61125,5.4815988839182e-18,169.1444678683449
1.6125,5.485108269031171e-18,169.25275617802404
1.61375,5.488618768623349e-18,169.3610788769382
1.615,5.49213038216594e-18,169.46943594877055
1.61625,5.495643109130831e-18,169.57782737722522
1.6175,5.499156948990584e-18,169.6862531460271
1.6187500000000001,5.502671901218434e-18,169.79471323892201
1.62,5.506187965288288e-18,169.90320763967637
1.62125,5.509705140674725e-18,170.01173633207736
1.6225,5.513223426852998e-18,170.12029929993307
1.62375,5.5167428232990275e-18,170.22889652707198
1.625,5.520263329489399e-18,170.3375279973433
1.62625,5.523784944901373e-18,170.44619369461694
1.6275,5.5273076690128735e-18,170.5548936027833
1.6287500000000001,5.530831501302487e-18,170.66362770575324
1.6300000000000001,5.534356441249467e-18,170.77239598745825
1.63125,5.537882488333732e-18,170.88119843185024
1.6325,5.54140964203586e-18,170.99003502290154
1.63375,5.5449379018370875e-18,171.0989057446048
1.635,5.54846726721932e-18,171.20781058097327
1.63625,5.5519977376651145e-18,171.31674951604032
1.6375,5.55552931265769e-18,171.42572253385976
1.63875,5.5590619916809156e-18,171.5347296185055
1.6400000000000001,5.5625957742193264e-18,171.6437707540719
1.64125,5.5661306597581065e-18,171.7528459246734
1.6425,5.56966664778309e-18,171.86195511444456
1.64375,5.573203737780774e-18,171.97109830754027
1.645,5.576741929238298e-18,172.08027548813533
1.64625,5.580281221643456e-18,172.18948664042472
1.6475,5.583821614484691e-18,172.29873174862342
1.64875,5.5873631072510954e-18,172.4080107969665
1.6500000000000001,5.590905699432409e-18,172.51732376970895
1.65125,5.594449390519013e-18,172.6266706511256
1.6525,5.5979941800019405e-18,172.73605142551136
1.65375,5.601540067372868e-18,172.84546607718102
1.655,5.605087052124113e-18,172.9549145904691
1.65625,5.6086351337486334e-18,173.06439694972994
1.6575,5.612184311740033e-18,173.17391313933777
1.65875,5.615734585592553e-18,173.28346314368653
1.6600000000000001,5.6192859548010756e-18,173.3930469471899
1.6612500000000001,5.622838418861117e-18,173.50266453428114
1.6625,5.626391977268836e-18,173.61231588941334
1.66375,5.6299466295210244e-18,173.7220009970591
1.665,5.633502375115106e-18,173.83171984171054
1.66625,5.637059213549145e-18,173.94147240787953
1.6675,5.6406171443218346e-18,174.0512586800974
1.66875,5.644176166932501e-18,174.16107864291493
1.67,5.647736280881099e-18,174.27093228090237
1.6712500000000001,5.651297485668216e-18,174.38081957864944
1.6725,5.65485978079507e-18,174.49074052076534
1.67375,5.658423165763499e-18,174.6006950918784
1.675,5.6619876400759774e-18,174.71068327663656
1.67625,5.665553203235601e-18,174.82070505970697
1.6775,5.66911985474609e-18,174.93076042577604
1.67875,5.672687594111785e-18,175.04084935954936
1.68,5.6762564208376564e-18,175.15097184575183
1.6812500000000001,5.679826334429296e-18,175.26112786912768
1.6825,5.6833973343929085e-18,175.37131741443991
1.68375,5.686969420235325e-18,175.481540466471
1.685,5.690542591463995e-18,175.5917970100224
1.68625,5.694116847586984e-18,175.7020870299145
1.6875,5.697692188112974e-18,175.81241051098698
1.68875,5.701268612551262e-18,175.9227674380982
1.69,5.704846120411764e-18,176.0331577961258
1.6912500000000001,5.708424711205007e-18,176.14358156996622
1.6925000000000001,5.7120043844421274e-18,176.25403874453468
1.69375,5.71558513963488e-18,176.36452930476554
1.695,5.719166976295625e-18,176.4750532356118
1.69625,5.722749893937335e-18,176.58561052204536
1.6975,5.72633389207359e-18,176.69620114905683
1.69875,5.729918970218582e-18,176.8068251016558
1.7,5.733505127887103e-18,176.9174823648703
1.70125,5.7370923645945554e-18,177.02817292374715
1.7025000000000001,5.7406806798569446e-18,177.13889676335194
1.70375,5.744270073190884e-18,177.24965386876886
1.705,5.74786054411358e-18,177.36044422510045
1.70625,5.751452092142853e-18,177.4712678174682
1.7075,5.755044716797118e-18,177.582124631012
1.70875,5.75863841759539e-18,177.69301465089018
1.71,5.762233194057283e-18,177.80393786227953
1.71125,5.7658290457030104e-18,177.91489425037543
1.7125000000000001,5.769425972053385e-18,178.02588380039168
1.71375,5.773023972629808e-18,178.13690649756032
1.715,5.776623046954284e-18,178.24796232713186
1.71625,5.780223194549407e-18,178.3590512743752
1.7175,5.783824414938367e-18,178.47017332457742
1.71875,5.787426707644941e-18,178.58132846304386
1.72,5.791030072193505e-18,178.69251667509832
1.72125,5.794634508109021e-18,178.8037379460826
1.7225000000000001,5.79824001491704e-18,178.91499226135682
1.7237500000000001,5.801846592143701e-18,179.02627960629906
1.725,5.805454239315736e-18,179.13759996630583
1.72625,5.809062955960454e-18,179.24895332679145
1.7275,5.812672741605756e-18,179.36033967318843
1.72875,5.8162835957801284e-18,179.4717589909474
1.73,5.819895518012639e-18,179.58321126553687
1.73125,5.823508507832938e-18,179.6946964824434
1.7325,5.827122564771256e-18,179.8062146271714
1.7337500000000001,5.830737688358411e-18,179.91776568524347
1.735,5.834353878125792e-18,180.02934964219972
1.73625,5.837971133605373e-18,180.14096648359842
1.7375,5.8415894543297025e-18,180.25261619501552
1.73875,5.845208839831912e-18,180.36429876204494
1.74,5.848829289645702e-18,180.47601417029819
1.74125,5.852450803305351e-18,180.58776240540465
1.7425,5.8560733803457125e-18,180.69954345301133
1.7437500000000001,5.8596970203022156e-18,180.81135729878312
1.745,5.8633217227108546e-18,180.92320392840227
1.74625,5.866947487108202e-18,181.0350833275689
1.7475,5.870574313031399e-18,181.14699548200073
1.74875,5.874202200018156e-18,181.2589403774329
1.75,5.877831147606751e-18,181.37091799961826
1.75125,5.88146115533603e-18,181.48292833432703
1.7525,5.885092222745412e-18,181.59497136734717
1.7537500000000001,5.888724349374872e-18,181.7070470844838
1.7550000000000001,5.892357534764957e-18,181.81915547155967
1.75625,5.8959917784567765e-18,181.9312965144149
1.7575,5.8996270799920016e-18,182.04347019890696
1.75875,5.903263438912866e-18,182.1556765109106
1.76,5.906900854762168e-18,182.26791543631816
1.76125,5.910539327083263e-18,182.38018696103896
1.7625,5.914178855420067e-18,182.49249107099973
1.76375,5.9178194393170535e-18,182.60482775214444
1.7650000000000001,5.921461078319258e-18,182.7171969904343
1.76625,5.925103771972268e-18,182.82959877184763
1.7675,5.928747519822226e-18,182.94203308237988
1.76875,5.932392321415838e-18,183.0544999080438
1.77,5.936038176300355e-18,183.16699923486905
1.77125,5.939685084023586e-18,183.27953104890247
1.7725,5.9433330441338894e-18,183.39209533620786
1.77375,5.9469820561801795e-18,183.50469208286614
1.7750000000000001,5.950632119711918e-18,183.61732127497518
1.77625,5.954283234279115e-18,183.72998289864972
1.7775,5.957935399432331e-18,183.8426769400216
1.77875,5.961588614722679e-18,183.95540338523946
1.78,5.96524287970181e-18,184.0681622204688
1.78125,5.968898193921926e-18,184.180953431892
1.7825,5.972554556935777e-18,184.2937770057083
1.78375,5.976211968296653e-18,184.4066329281338
1.7850000000000001,5.9798704275583906e-18,184.51952118540123
1.7862500000000001,5.983529934275363e-18,184.63244176376003
1.7875,5.987190488002494e-18,184.74539464947654
1.78875,5.990852088295242e-18,184.85837982883368
1.79,5.994514734709606e-18,184.97139728813102
1.79125,5.998178426802126e-18,185.08444701368475
1.7925,6.001843164129881e-18,185.19752899182785
1.79375,6.005508946250485e-18,185.31064320890965
1.795,6.009175772722088e-18,185.4237896512961
1.7962500000000001,6.0128436431033784e-18,185.53696830536973
1.7975,6.016512556953579e-18,185.6501791575296
1.79875,6.020182513832442e-18,185.7634221941911
1.8,6.023853513300259e-18,185.87669740178617
1.80125,6.027525554917851e-18,185.99000476676326
1.8025,6.031198638246569e-18,186.103344275587
1.80375,6.034872762848296e-18,186.21671591473856
1.805,6.038547928285443e-18,186.3301196707153
1.8062500000000001,6.0422241341209555e-18,186.4435555300312
1.8075,6.045901379918296e-18,186.55702347921607
1.80875,6.049579665241464e-18,186.67052350481634
1.81,6.053258989654981e-18,186.78405559339458
1.81125,6.0569393527238965e-18,186.8976197315296
1.8125,6.0606207540137784e-18,187.01121590581621
1.81375,6.064303193090724e-18,187.1248441028656
1.815,6.067986669521354e-18,187.23850430930506
1.8162500000000001,6.071671182872805e-18,187.35219651177786
1.8175000000000001,6.0753567327127395e-18,187.4659206969434
1.81875,6.079043318609341e-18,187.57967685147727
1.82,6.082730940131309e-18,187.6934649620709
1.82125,6.0864195968478624e-18,187.80728501543175
1.8225,6.0901092883287386e-18,187.92113699828332
1.82375,6.093800014144194e-18,188.03502089736517
1.825,6.097491773864998e-18,188.14893669943254
1.82625,6.1011845670624355e-18,188.2628843912567
1.8275000000000001,6.104878393308307e-18,188.37686395962479
1.82875,6.108573252174926e-18,188.4908753913398
1.83,6.1122691432351185e-18,188.6049186732205
1.83125,6.115966066062221e-18,188.71899379210146
1.8325,6.119664020230087e-18,188.83310073483312
1.83375,6.1233630053130734e-18,188.94723948828153
1.835,6.127063020886049e-18,189.06141003932854
1.83625,6.130764066524391e-18,189.1756123748716
1.8375000000000001,6.13446614180399e-18,189.28984648182413
1.83875,6.13816924630123e-18,189.40411234711468
1.84,6.141873379593016e-18,189.51840995768785
1.84125,6.14557854125675e-18,189.63273930050372
1.8425,6.14928473087034e-18,189.74710036253782
1.84375,6.152991948012197e-18,189.86149313078133
1.845,6.156700192261238e-18,189.97591759224093
1.84625,6.1604094631968816e-18,190.09037373393883
1.8475000000000001,6.164119760399044e-18,190.20486154291268
1.8487500000000001,6.167831083448144e-18,190.31938100621548
1.85,6.171543431925101e-18,190.43393211091578
1.85125,6.175256805411333e-18,190.54851484409747
1.8525,6.178971203488754e-18,190.6631291928598
1.85375,6.182686625739776e-18,190.77777514431733
1.855,6.186403071747311e-18,190.8924526856001
1.85625,6.1901205410947635e-18,191.00716180385322
1.8575,6.1938390333660325e-18,191.12190248623727
1.8587500000000001,6.197558548145511e-18,191.2366747199279
1.86,6.201279085018088e-18,191.35147849211612
1.86125,6.2050006435691405e-18,191.46631379000803
1.8625,6.208723223384541e-18,191.58118060082495
1.86375,6.212446824050653e-18,191.69607891180343
1.865,6.216171445154328e-18,191.81100871019504
1.86625,6.219897086282905e-18,191.92596998326636
1.8675,6.2236237470242165e-18,192.04096271829926
1.8687500000000001,6.227351426966582e-18,192.15598690259057
1.87,6.231080125698801e-18,192.271042523452
1.87125,6.234809842810169e-18,192.38612956821055
1.8725,6.23854057789046e-18,192.5012480242079
1.87375,6.242272330529936e-18,192.61639787880094
1.875,6.246005100319341e-18,192.73157911936127
1.87625,6.249738886849901e-18,192.84679173327552
1.8775,6.253473689713331e-18,192.96203570794526
1.8787500000000001,6.2572095085018175e-18,193.07731103078675
1.8800000000000001,6.260946342808034e-18,193.19261768923113
1.88125,6.264684192225134e-18,193.30795567072448
1.8825,6.268423056346748e-18,193.42332496272758
1.88375,6.272162934766984e-18,193.53872555271582
1.885,6.275903827080431e-18,193.6541574281796
1.88625,6.279645732882154e-18,193.76962057662388
1.8875,6.2833886517676925e-18,193.88511498556835
1.88875,6.287132583333061e-18,194.0006406425473
1.8900000000000001,6.290877527174752e-18,194.1161975351098
1.89125,6.2946234828897276e-18,194.2317856508194
1.8925,6.298370450075424e-18,194.34740497725429
1.89375,6.302118428329752e-18,194.46305550200725
1.895,6.3058674172510935e-18,194.57873721268567
1.89625,6.3096174164382984e-18,194.69445009691137
1.8975,6.3133684254906876e-18,194.81019414232065
1.89875,6.317120444008054e-18,194.92596933656444
1.9000000000000001,6.320873471590658e-18,195.04177566730803
1.90125,6.3246275078392235e-18,195.15761312223108
1.9025,6.328382552354944e-18,195.2734816890277
1.90375,6.332138604739484e-18,195.3893813554065
1.905,6.335895664594969e-18,195.50531210909043
1.90625,6.3396537315239856e-18,195.62127393781654
1.9075,6.3434128051295906e-18,195.73726682933645
1.90875,6.347172885015305e-18,195.8532907714161
1.9100000000000001,6.350933970785105e-18,195.96934575183548
1.9112500000000001,6.354696062043435e-18,196.085431758389
1.9125,6.358459158395198e-18,196.2015487788853
1.91375,6.362223259445758e-18,196.3176968011471
1.915,6.365988364800936e-18,196.43387581301135
1.91625,6.369754474067016e-18,196.55008580232925
1.9175,6.37352158685074e-18,196.66632675696613
1.91875,6.3772897027593035e-18,196.78259866480127
1.92,6.381058821400358e-18,196.8989015137281
1.9212500000000001,6.3848289423820176e-18,197.01523529165428
1.9225,6.3886000653128466e-18,197.13159998650136
1.92375,6.392372189801863e-18,197.2479955862049
1.925,6.396145315458542e-18,197.3644220787145
1.92625,6.399919441892809e-18,197.48087945199384
1.9275,6.403694568715044e-18,197.5973676940204
1.92875,6.407470695536075e-18,197.71388679278564
1.93,6.411247821967184e-18,197.83043673629496
1.9312500000000001,6.415025947620104e-18,197.94701751256767
1.9325,6.418805072107011e-18,198.06362910963682
1.93375,6.422585195040538e-18,198.1802715155495
1.935,6.426366316033762e-18,198.29694471836646
1.93625,6.4301484347002055e-18,198.4136487061623
1.9375,6.4339315506538405e-18,198.53038346702544
1.93875,6.437715663509082e-18,198.64714898905797
1.94,6.441500772880795e-18,198.76394526037583
1.9412500000000001,6.4452868783842826e-18,198.88077226910858
1.9425000000000001,6.449073979635295e-18,198.99763000339942
1.94375,6.452862076250025e-18,199.1145184514054
1.945,6.456651167845111e-18,199.23143760129713
1.94625,6.460441254037623e-18,199.34838744125867
1.9475,6.464232334445082e-18,199.46536795948796
1.94875,6.468024408685448e-18,199.5823791441964
1.95,6.471817476377114e-18,199.69942098360895
1.9512500000000002,6.475611537138915e-18,199.81649346596402
1.9525000000000001,6.4794065905901296e-18,199.93359657951376
1.95375,6.483202636350464e-18,200.05073031252357
1.955,6.486999674040068e-18,200.16789465327244
1.95625,6.490797703279525e-18,200.28508959005285
1.9575,6.494596723689854e-18,200.40231511117065
1.95875,6.498396734892509e-18,200.51957120494515
1.96,6.5021977365093745e-18,200.63685785970887
1.96125,6.505999728162772e-18,200.75417506380793
1.9625000000000001,6.509802709475459e-18,200.87152280560184
1.96375,6.513606680070614e-18,200.98890107346304
1.965,6.5174116395718544e-18,201.10630985577765
1.96625,6.5212175876032296e-18,201.22374914094502
1.9675,6.5250245237892114e-18,201.34121891737755
1.96875,6.528832447754706e-18,201.45871917350104
1.97,6.532641359125048e-18,201.57624989775454
1.97125,6.536451257525998e-18,201.69381107859027
1.9725000000000001,6.540262142583745e-18,201.81140270447358
1.9737500000000001,6.5440740139248996e-18,201.92902476388286
1.975,6.547886871176506e-18,202.04667724530995
1.97625,6.551700713966027e-18,202.16436013725954
1.9775,6.5555155419213516e-18,202.28207342824945
1.97875,6.559331354670793e-18,202.39981710681064
1.98,6.563148151843088e-18,202.51759116148713
1.98125,6.566965933067394e-18,202.63539558083596
1.9825000000000002,6.570784697973292e-18,202.7532303534271
1.9837500000000001,6.57460444619078e-18,202.87109546784353
1.985,6.57842517735028e-18,202.98899091268132
1.98625,6.582246891082633e-18,203.1069166765493
1.9875,6.586069587019098e-18,203.22487274806937
1.98875,6.589893264791352e-18,203.34285911587628
1.99,6.593717924031492e-18,203.4608757686177
1.99125,6.597543564372028e-18,203.57892269495414
1.9925,6.60137018544589e-18,203.69699988355893
1.9937500000000001,6.605197786886424e-18,203.81510732311833
1.995,6.609026368327384e-18,203.93324500233115
1.99625,6.612855929402946e-18,204.0514129099093
1.9975,6.616686469747698e-18,204.1696110345773
1.99875,6.620517988996639e-18,204.2878393650724
2.0,6.62435048678518e-18,204.40609789014457
2.00125,6.628183962749149e-18,204.5243865985566
2.0025,6.632018416524775e-18,204.64270547908373
2.00375,6.6358538477487086e-18,204.76105452051416
2.005,6.639690256058002e-18,204.87943371164852
2.00625,6.643527641090121e-18,204.99784304130011
2.0075,6.6473660024829345e-18,205.1162824982948
2.00875,6.6512053398747294e-18,205.2347520714712
2.0100000000000002,6.655045652904189e-18,205.35325174968034
2.01125,6.6588869412104055e-18,205.47178152178572
2.0125,6.6627292044328834e-18,205.59034137666362
2.01375,6.666572442211523e-18,205.7089313032025
2.015,6.670416654186638e-18,205.82755129030363
2.01625,6.6742618399989395e-18,205.9462013268805
2.0175,6.678107999289546e-18,206.0648814018592
2.01875,6.681955131699975e-18,206.18359150417808
2.02,6.6858032368721495e-18,206.30233162278807
2.02125,6.689652314448393e-18,206.42110174665243
2.0225,6.693502364071425e-18,206.53990186474664
2.02375,6.6973533853843744e-18,206.65873196605875
2.025,6.70120537803076e-18,206.777592039589
2.02625,6.705058341654509e-18,206.89648207435002
2.0275,6.7089122758999355e-18,207.01540205936658
2.02875,6.712767180411762e-18,207.13435198367588
2.0300000000000002,6.716623054835103e-18,207.2533318363274
2.03125,6.720479898815466e-18,207.37234160638255
2.0325,6.724337711998762e-18,207.49138128291534
2.03375,6.72819649403129e-18,207.61045085501166
2.035,6.7320562445597486e-18,207.7295503117698
2.03625,6.7359169632312255e-18,207.84867964230003
2.0375,6.7397786496932075e-18,207.96783883572488
2.03875,6.743641303593566e-18,208.08702788117887
2.04,6.747504924580575e-18,208.20624676780878
2.0412500000000002,6.751369512302891e-18,208.32549548477334
2.0425,6.755235066409562e-18,208.44477402124332
2.04375,6.759101586550032e-18,208.56408236640164
2.045,6.7629690723741276e-18,208.68342050944312
2.04625,6.76683752353207e-18,208.8027884395747
2.0475,6.770706939674465e-18,208.92218614601518
2.04875,6.774577320452308e-18,209.04161361799544
2.05,6.778448665516978e-18,209.16107084475814
2.05125,6.782320974520249e-18,209.28055781555815
2.0525,6.7861942471142716e-18,209.40007451966196
2.05375,6.790068482951583e-18,209.51962094634797
2.055,6.793943681685111e-18,209.6391970849067
2.05625,6.7978198429681615e-18,209.7588029246402
2.0575,6.801696966454428e-18,209.87843845486267
2.05875,6.805575051797982e-18,209.99810366489984
2.06,6.809454098653284e-18,210.11779854408942
2.0612500000000002,6.813334106675168e-18,210.23752308178078
2.0625,6.8172150755188545e-18,210.35727726733506
2.06375,6.821097004839945e-18,210.4770610901253
2.065,6.824979894294417e-18,210.59687453953603
2.06625,6.82886374353863e-18,210.71671760496363
2.0675,6.832748552229321e-18,210.83659027581612
2.06875,6.836634320023607e-18,210.95649254151323
2.07,6.840521046578979e-18,211.0764243914862
2.07125,6.8444087315533085e-18,211.19638581517808
2.0725000000000002,6.848297374604841e-18,211.31637680204344
2.07375,6.852186975392197e-18,211.4363973415484
2.075,6.856077533574376e-18,211.55644742317077
2.07625,6.859969048810745e-18,211.67652703639973
2.0775,6.8638615207610545e-18,211.7966361707363
2.07875,6.86775494908542e-18,211.91677481569266
2.08,6.871649333444334e-18,212.03694296079277
2.08125,6.875544673498659e-18,212.15714059557195
2.0825,6.879440968909632e-18,212.277367709577
2.08375,6.883338219338859e-18,212.39762429236623
2.085,6.887236424448314e-18,212.51791033350923
2.08625,6.891135583900348e-18,212.63822582258726
2.0875,6.895035697357672e-18,212.75857074919264
2.08875,6.898936764483376e-18,212.8789451029294
2.09,6.902838784940905e-18,212.9993488734126
2.09125,6.9067417583940875e-18,213.119782050269
2.0925000000000002,6.910645684507106e-18,213.24024462313642
2.09375,6.914550562944515e-18,213.360736581664
2.095,6.9184563933712325e-18,213.48125791551232
2.09625,6.922363175452544e-18,213.60180861435308
2.0975,6.9262709088541006e-18,213.72238866786935
2.09875,6.930179593241913e-18,213.84299806575532
2.1,6.934089228282362e-18,213.9636367977166
2.10125,6.937999813642182e-18,214.08430485346963
2.1025,6.941911348988482e-18,214.2050022227425
2.1037500000000002,6.945823833988721e-18,214.32572889527412
2.105,6.949737268310725e-18,214.4464848608146
2.10625,6.953651651622684e-18,214.56727010912533
2.1075,6.95756698359314e-18,214.68808462997865
2.10875,6.961483263891003e-18,214.80892841315818
2.11,6.965400492185534e-18,214.92980144845836
2.11125,6.96931866814636e-18,215.05070372568494
2.1125,6.97323779144346e-18,215.1716352346546
2.11375,6.977157861747177e-18,215.29259596519506
2.115,6.981078878728202e-18,215.41358590714503
2.11625,6.985000842057589e-18,215.53460505035423
2.1175,6.988923751406746e-18,215.6556533846834
2.11875,6.992847606447434e-18,215.77673090000414
2.12,6.996772406851773e-18,215.8978375861991
2.12125,7.000698152292232e-18,216.01897343316176
2.1225,7.00462484244164e-18,216.14013843079667
2.1237500000000002,7.008552476973171e-18,216.26133256901903
2.125,7.012481055560355e-18,216.38255583775506
2.12625,7.016410577877077e-18,216.50380822694183
2.1275,7.020341043597568e-18,216.62508972652725
2.12875,7.024272452396414e-18,216.74640032647002
2.13,7.02820480394855e-18,216.8677400167397
2.13125,7.032138097929259e-18,216.98910878731658
2.1325,7.036072334014172e-18,217.1105066281917
2.13375,7.040007511879277e-18,217.23193352936707
2.1350000000000002,7.043943631200899e-18,217.35338948085507
2.13625,7.047880691655716e-18,217.47487447267912
2.1375,7.051818692920755e-18,217.59638849487328
2.13875,7.055757634673384e-18,217.71793153748214
2.14,7.059697516591321e-18,217.83950359056118
2.14125,7.063638338352628e-18,217.96110464417637
2.1425,7.067580099635713e-18,218.08273468840443
2.1437500000000003,7.071522800119328e-18,218.20439371333268
2.145,7.075466439482564e-18,218.32608170905894
2.14625,7.079411017404862e-18,218.44779866569172
2.1475,7.083356533566005e-18,218.56954457335024
2.14875,7.087302987646112e-18,218.69131942216396
2.15,7.09125037932565e-18,218.81312320227312
2.15125,7.095198708285427e-18,218.9349559038285
2.1525,7.099147974206586e-18,219.05681751699117
2.15375,7.103098176770617e-18,219.17870803193296
2.1550000000000002,7.107049315659343e-18,219.300627438836
2.15625,7.11100139055493e-18,219.42257572789285
2.1575,7.114954401139884e-18,219.54455288930677
2.15875,7.118908347097044e-18,219.66655891329114
2.16,7.122863228109591e-18,219.78859379006997
2.16125,7.126819043861039e-18,219.91065750987747
2.1625,7.130775794035242e-18,220.03275006295848
2.16375,7.134733478316387e-18,220.15487143956798
2.165,7.138692096389e-18,220.27702162997147
2.1662500000000002,7.142651647937939e-18,220.39920062444466
2.1675,7.146612132648395e-18,220.5214084132736
2.16875,7.150573550205896e-18,220.64364498675468
2.17,7.154535900296301e-18,220.76591033519452
2.17125,7.158499182605806e-18,220.8882044489101
2.1725,7.162463396820932e-18,221.01052731822855
2.17375,7.166428542628541e-18,221.13287893348738
2.1750000000000003,7.170394619715816e-18,221.25525928503413
2.17625,7.174361627770277e-18,221.37766836322658
2.1775,7.178329566479778e-18,221.50010615843297
2.17875,7.182298435532492e-18,221.6225726610313
2.18,7.186268234616932e-18,221.74506786141012
2.18125,7.19023896342193e-18,221.86759174996774
2.1825,7.194210621636654e-18,221.99014431711296
2.18375,7.198183208950597e-18,222.11272555326445
2.185,7.20215672505358e-18,222.23533544885115
2.1862500000000002,7.206131169635749e-18,222.35797399431192
2.1875,7.210106542387574e-18,222.48064118009572
2.18875,7.214082842999858e-18,222.60333699666168
2.19,7.218060071163723e-18,222.72606143447882
2.19125,7.222038226570618e-18,222.84881448402626
2.1925,7.226017308912317e-18,222.97159613579316
2.19375,7.229997317880913e-18,223.09440638027849
2.195,7.233978253168832e-18,223.21724520799145
2.19625,7.23796011446881e-18,223.34011260945096
2.1975000000000002,7.241942901473917e-18,223.4630085751861
2.19875,7.245926613877536e-18,223.58593309573567
2.2,7.249911251373379e-18,223.7088861616486
2.20125,7.253896813655469e-18,223.83186776348342
2.2025,7.257883300418159e-18,223.95487789180885
2.20375,7.261870711356115e-18,224.07791653720332
2.205,7.26585904616433e-18,224.2009836902552
2.2062500000000003,7.269848304538105e-18,224.32407934156254
2.2075,7.273838486173066e-18,224.44720348173334
2.20875,7.277829590765159e-18,224.5703561013854
2.21,7.28182161801064e-18,224.69353719114625
2.21125,7.285814567606091e-18,224.81674674165336
2.2125,7.2898084392484e-18,224.93998474355362
2.21375,7.293803232634783e-18,225.0632511875041
2.215,7.297798947462756e-18,225.1865460641712
2.21625,7.301795583430169e-18,225.3098693642315
2.2175000000000002,7.30579314023517e-18,225.4332210783708
2.21875,7.309791617576226e-18,225.55660119728478
2.22,7.313791015152123e-18,225.68000971167893
2.22125,7.317791332661951e-18,225.80344661226817
2.2225,7.32179256980512e-18,225.92691188977724
2.22375,7.32579472628135e-18,226.0504055349405
2.225,7.329797801790672e-18,226.1739275385018
2.22625,7.333801796033422e-18,226.29747789121456
2.2275,7.337806708710261e-18,226.42105658384207
2.2287500000000002,7.34181253952215e-18,226.544663607157
2.23,7.345819288170355e-18,226.66829895194138
2.23125,7.349826954356466e-18,226.7919626089872
2.2325,7.353835537782367e-18,226.9156545690956
2.23375,7.35784503815026e-18,227.0393748230775
2.235,7.361855455162652e-18,227.16312336175318
2.23625,7.365866788522356e-18,227.28690017595247
2.2375000000000003,7.369879037932491e-18,227.41070525651452
2.23875,7.373892203096486e-18,227.53453859428814
2.24,7.377906283718075e-18,227.6584001801315
2.24125,7.381921279501298e-18,227.78229000491223
2.2425,7.385937190150494e-18,227.90620805950718
2.24375,7.389954015370313e-18,228.03015433480286
2.245,7.393971754865708e-18,228.154128821695
2.24625,7.397990408341935e-18,228.27813151108873
2.2475,7.402009975504556e-18,228.4021623938987
2.2487500000000002,7.406030456059428e-18,228.5262214610486
2.25,7.410051849712715e-18,228.65030870347164
2.25125,7.414074156170887e-18,228.77442411211032
2.2525,7.41809737514071e-18,228.89856767791645
2.25375,7.422121506329252e-18,229.0227393918511
2.255,7.42614654944388e-18,229.14693924488455
2.25625,7.430172504192265e-18,229.27116722799644
2.2575,7.434199370282373e-18,229.39542333217557
2.25875,7.438227147422474e-18,229.51970754842012
2.2600000000000002,7.442255835321131e-18,229.64401986773723
2.26125,7.44628543368721e-18,229.76836028114343
2.2625,7.450315942229871e-18,229.89272877966445
2.26375,7.454347360658572e-18,230.01712535433498
2.265,7.458379688683073e-18,230.14154999619922
2.26625,7.462412926013425e-18,230.26600269631024
2.2675,7.466447072359974e-18,230.39048344573024
2.2687500000000003,7.470482127433369e-18,230.5149922355308
2.27,7.474518090944537e-18,230.6395290567921
2.27125,7.478554962604724e-18,230.76409390060405
2.2725,7.48259274212545e-18,230.88868675806512
2.27375,7.486631429218538e-18,231.01330762028314
2.275,7.490671023596104e-18,231.1379564783749
2.27625,7.494711524970553e-18,231.2626333234661
2.2775,7.498752933054586e-18,231.38733814669172
2.27875,7.502795247561194e-18,231.5120709391955
2.2800000000000002,7.506838468203662e-18,231.63683169213036
2.28125,7.510882594695559e-18,231.76162039665795
2.2825,7.514927626750754e-18,231.88643704394926
2.28375,7.5189735640834e-18,232.01128162518393
2.285,7.523020406407945e-18,232.1361541315507
2.28625,7.52706815343912e-18,232.26105455424715
2.2875,7.531116804891947e-18,232.38598288447974
2.28875,7.535166360481738e-18,232.51093911346396
2.29,7.539216819924096e-18,232.6359232324242
2.2912500000000002,7.543268182934905e-18,232.76093523259357
2.2925,7.547320449230336e-18,232.88597510521402
2.29375,7.551373618526854e-18,233.01104284153658
2.295,7.555427690541205e-18,233.1361384328209
2.29625,7.559482664990422e-18,233.2612618703356
2.2975,7.563538541591823e-18,233.38641314535798
2.29875,7.567595320063012e-18,233.5115922491742
2.3000000000000003,7.571653000121878e-18,233.6367991730793
2.30125,7.575711581486589e-18,233.7620339083768
2.3025,7.579771063875607e-18,233.8872964463793
2.30375,7.583831447007665e-18,234.01258677840787
2.305,7.587892730601788e-18,234.1379048957925
2.30625,7.591954914377282e-18,234.2632507898719
2.3075,7.59601799805373e-18,234.38862445199328
2.30875,7.600081981351003e-18,234.5140258735128
2.31,7.60414686398925e-18,234.6394550457951
2.3112500000000002,7.6082126456889e-18,234.7649119602136
2.3125,7.612279326170664e-18,234.89039660815027
2.31375,7.61634690515553e-18,235.01590898099573
2.315,7.620415382364771e-18,235.1414490701494
2.31625,7.624484757519937e-18,235.26701686701912
2.3175,7.628555030342854e-18,235.39261236302139
2.31875,7.632626200555627e-18,235.5182355495813
2.32,7.636698267880637e-18,235.64388641813238
2.32125,7.640771232040555e-18,235.76956496011712
2.3225000000000002,7.644845092758309e-18,235.89527116698605
2.32375,7.64891984975712e-18,236.02100503019858
2.325,7.652995502760476e-18,236.14676654122255
2.32625,7.657072051492144e-18,236.2725556915342
2.3275,7.66114949567617e-18,236.39837247261852
2.32875,7.665227835036865e-18,236.52421687596862
2.33,7.669307069298826e-18,236.65008889308646
2.3312500000000003,7.673387198186916e-18,236.77598851548223
2.3325,7.677468221426276e-18,236.9019157346746
2.33375,7.681550138742319e-18,237.02787054219075
2.335,7.685632949860729e-18,237.15385292956617
2.33625,7.689716654507468e-18,237.27986288834492
2.3375,7.693801252408765e-18,237.40590041007928
2.33875,7.69788674329112e-18,237.53196548633
2.34,7.701973126881308e-18,237.65805810866618
2.34125,7.706060402906377e-18,237.78417826866539
2.3425000000000002,7.710148571093637e-18,237.91032595791333
2.34375,7.714237631170672e-18,238.03650116800412
2.345,7.718327582865343e-18,238.16270389054043
2.34625,7.722418425905769e-18,238.28893411713284
2.3475,7.726510160020348e-18,238.41519183940062
2.34875,7.730602784937735e-18,238.541477048971
2.35,7.734696300386863e-18,238.6677897374796
2.35125,7.738790706096931e-18,238.79412989657047
2.3525,7.742886001797402e-18,238.9204975178957
2.3537500000000002,7.746982187218009e-18,239.04689259311567
2.355,7.751079262088746e-18,239.17331511389892
2.35625,7.755177226139881e-18,239.29976507192237
2.3575,7.75927607910194e-18,239.42624245887095
2.35875,7.763375820705727e-18,239.55274726643805
2.36,7.767476450682291e-18,239.6792794863248
2.36125,7.771577968762966e-18,239.805839110241
2.3625000000000003,7.775680374679338e-18,239.9324261299043
2.36375,7.779783668163256e-18,240.05904053704032
2.365,7.78388784894684e-18,240.18568232338328
2.36625,7.787992916762469e-18,240.31235148067512
2.3675,7.792098871342785e-18,240.43904800066616
2.36875,7.79620571242069e-18,240.56577187511454
2.37,7.800313439729352e-18,240.69252309578675
2.37125,7.804422053002196e-18,240.81930165445706
2.3725,7.808531551972915e-18,240.94610754290815
2.3737500000000002,7.812641936375454e-18,241.0729407529304
2.375,7.816753205944021e-18,241.19980127632238
2.37625,7.82086536041309e-18,241.3266891048907
2.3775,7.824978399517386e-18,241.45360423044997
2.37875,7.829092322991901e-18,241.5805466448228
2.38,7.833207130571878e-18,241.70751633983966
2.38125,7.837322821992822e-18,241.83451330733908
2.3825,7.8414393969905e-18,241.96153753916772
2.38375,7.84555685530093e-18,242.0885890271799
2.3850000000000002,7.849675196660391e-18,242.21566776323806
2.38625,7.853794420805418e-18,242.34277373921253
2.3875,7.8579145274728e-18,242.46990694698147
2.38875,7.862035516399585e-18,242.59706737843103
2.39,7.866157387323081e-18,242.72425502545536
2.39125,7.870280139980842e-18,242.85146987995623
2.3925,7.874403774110684e-18,242.9787119338435
2.3937500000000003,7.878528289450674e-18,243.10598117903473
2.395,7.882653685739134e-18,243.23327760745542
2.39625,7.886779962714646e-18,243.36060121103904
2.3975,7.89090712011603e-18,243.4879519817264
2.39875,7.895035157682379e-18,243.61532991146677
2.4,7.899164075153021e-18,243.74273499221667
2.40125,7.90329387226755e-18,243.87016721594074
2.4025,7.907424548765803e-18,243.99762657461127
2.40375,7.911556104387875e-18,244.12511306020838
2.4050000000000002,7.915688538874104e-18,244.2526266647198
2.40625,7.919821851965088e-18,244.38016738014113
2.4075,7.923956043401676e-18,244.50773519847587
2.40875,7.928091112924952e-18,244.63533011173465
2.41,7.93222706027627e-18,244.76295211193656
2.41125,7.936363885197218e-18,244.89060119110783
2.4125,7.940501587429644e-18,245.01827734128264
2.41375,7.94464016671564e-18,245.14598055450287
2.415,7.948779622797542e-18,245.2737108228178
2.4162500000000002,7.952919955417943e-18,245.4014681382847
2.4175,7.957061164319675e-18,245.52925249296817
2.41875,7.961203249245825e-18,245.6570638789407
2.42,7.96534620993972e-18,245.78490228828224
2.42125,7.969490046144942e-18,245.91276771308048
2.4225,7.973634757605306e-18,246.04066014543045
2.42375,7.977780344064888e-18,246.1685795774351
2.4250000000000003,7.981926805268e-18,246.29652600120477
2.42625,7.986074140959199e-18,246.4244994088573
2.4275,7.990222350883293e-18,246.55249979251826
2.42875,7.99437143478533e-18,246.68052714432068
2.43,7.998521392410602e-18,246.80858145640508
2.43125,8.002672223504646e-18,246.93666272091957
2.4325,8.00682392781324e-18,247.06477093001968
2.43375,8.010976505082406e-18,247.19290607586842
2.435,8.015129955058416e-18,247.32106815063662
2.4362500000000002,8.019284277487772e-18,247.44925714650216
2.4375,8.023439472117224e-18,247.57747305565047
2.43875,8.027595538693768e-18,247.70571587027473
2.44,8.03175247696463e-18,247.83398558257517
2.44125,8.035910286677289e-18,247.96228218475974
2.4425,8.040068967579455e-18,248.09060566904367
2.44375,8.044228519419084e-18,248.2189560276496
2.445,8.04838894194437e-18,248.3473332528077
2.44625,8.052550234903749e-18,248.4757373367554
2.4475000000000002,8.056712398045888e-18,248.6041682717375
2.44875,8.060875431119703e-18,248.73262605000627
2.45,8.065039333874346e-18,248.86111066382136
2.45125,8.069204106059199e-18,248.9896221054496
2.4525,8.073369747423893e-18,249.11816036716527
2.45375,8.077536257718288e-18,249.24672544124994
2.455,8.081703636692486e-18,249.37531731999258
2.4562500000000003,8.085871884096826e-18,249.5039359956894
2.4575,8.090040999681877e-18,249.63258146064376
2.45875,8.094210983198454e-18,249.76125370716667
2.46,8.098381834397599e-18,249.88995272757603
2.46125,8.102553553030596e-18,250.01867851419732
2.4625,8.106726138848953e-18,250.14743105936287
2.46375,8.110899591604431e-18,250.2762103554128
2.465,8.115073911049008e-18,250.40501639469394
2.46625,8.119249096934907e-18,250.5338491695607
2.4675000000000002,8.12342514901458e-18,250.66270867237458
2.46875,8.127602067040708e-18,250.7915948955041
2.47,8.131779850766214e-18,250.9205078313252
2.47125,8.135958499944251e-18,251.0494474722211
2.4725,8.140138014328201e-18,251.17841381058182
2.47375,8.144318393671679e-18,251.3074068388048
2.475,8.148499637728537e-18,251.43642654929474
2.47625,8.152681746252851e-18,251.56547293446314
2.4775,8.156864718998933e-18,251.69454598672885
2.4787500000000002,8.161048555721323e-18,251.82364569851785
2.48,8.165233256174789e-18,251.95277206226302
2.48125,8.169418820114337e-18,252.08192507040465
2.4825,8.173605247295193e-18,252.2111047153898
2.48375,8.177792537472825e-18,252.34031098967296
2.485,8.181980690402914e-18,252.4695438857153
2.48625,8.186169705841382e-18,252.59880339598533
2.4875000000000003,8.190359583544379e-18,252.72808951295858
2.48875,8.194550323268273e-18,252.85740222911744
2.49,8.198741924769669e-18,252.98674153695146
2.49125,8.202934387805395e-18,253.1161074289572
2.4925,8.207127712132512e-18,253.24549989763827
2.49375,8.211321897508298e-18,253.3749189355051
2.495,8.215516943690266e-18,253.50436453507527
2.49625,8.219712850436153e-18,253.6338366888734
2.4975,8.223909617503922e-18,253.76333538943095
2.4987500000000002,8.228107244651754e-18,253.89286062928622
2.5,8.232305731638064e-18,254.02241240098462
